event_id,customer_id,event_type,event_ts,payload
E50000,C1189,login,2024-07-28,{}
E50001,C1045,search,2024-07-05,{}
E50002,C1007,search,2024-09-29,"{""q"":""policy""}"
E50003,C1144,support_ticket,2024-08-15,"{""q"":""policy""}"
E50004,C1106,search,2024-08-05,{}
E50005,C1167,search,2024-09-30,"{""ticket"":""T123""}"
E50006,C1021,search,2024-08-09,"{""q"":""visa""}"
E50007,C1016,search,2024-09-29,"{""ticket"":""T123""}"
E50008,C1113,logout,2024-07-24,"{""q"":""policy""}"
E50009,C1176,login,2024-07-11,"{""q"":""policy""}"
E50010,C1081,logout,2024-08-08,"{""ticket"":""T123""}"
E50011,C1159,search,2024-09-12,{}
E50012,C1181,login,2024-07-27,"{""q"":""policy""}"
E50013,C1173,login,2024-07-18,"{""ticket"":""T123""}"
E50014,C1101,login,2024-09-28,"{""q"":""policy""}"
E50015,C1139,support_ticket,2024-08-29,"{""ticket"":""T123""}"
E50016,C1105,search,2024-08-21,"{""q"":""policy""}"
E50017,C1134,search,2024-07-29,"{""q"":""policy""}"
E50018,C1113,purchase,2024-07-03,"{""ticket"":""T123""}"
E50019,C1105,purchase,2024-07-07,{}
E50020,C1087,logout,2024-09-20,"{""ticket"":""T123""}"
E50021,C1130,logout,2024-07-10,{}
E50022,C1150,purchase,2024-07-30,"{""q"":""policy""}"
E50023,C1183,support_ticket,2024-10-18,"{""q"":""visa""}"
E50024,C1122,support_ticket,2024-08-11,"{""q"":""visa""}"
E50025,C1020,search,2024-09-28,"{""ticket"":""T123""}"
E50026,C1117,purchase,2024-08-11,"{""ticket"":""T123""}"
E50027,C1063,login,2024-10-20,"{""q"":""visa""}"
E50028,C1005,support_ticket,2024-10-07,"{""q"":""visa""}"
E50029,C1014,logout,2024-08-26,"{""q"":""policy""}"
E50030,C1118,login,2024-09-21,"{""ticket"":""T123""}"
E50031,C1188,support_ticket,2024-08-19,"{""q"":""visa""}"
E50032,C1101,logout,2024-10-22,{}
E50033,C1089,login,2024-08-13,"{""ticket"":""T123""}"
E50034,C1017,search,2024-10-09,"{""q"":""policy""}"
E50035,C1135,logout,2024-09-12,"{""q"":""policy""}"
E50036,C1011,logout,2024-09-16,"{""q"":""policy""}"
E50037,C1168,login,2024-08-12,"{""ticket"":""T123""}"
E50038,C1163,search,2024-10-08,"{""q"":""policy""}"
E50039,C1198,purchase,2024-09-28,"{""q"":""policy""}"
E50040,C1056,login,2024-10-06,{}
E50041,C1032,search,2024-10-05,"{""q"":""policy""}"
E50042,C1059,login,2024-07-19,{}
E50043,C1159,login,2024-10-14,"{""q"":""visa""}"
E50044,C1043,search,2024-10-10,"{""ticket"":""T123""}"
E50045,C1177,purchase,2024-07-30,"{""q"":""policy""}"
E50046,C1030,purchase,2024-10-26,"{""ticket"":""T123""}"
E50047,C1009,support_ticket,2024-09-02,"{""ticket"":""T123""}"
E50048,C1043,search,2024-08-08,{}
E50049,C1150,search,2024-07-27,"{""q"":""visa""}"
E50050,C1120,login,2024-08-13,"{""q"":""visa""}"
E50051,C1070,login,2024-07-05,"{""q"":""policy""}"
E50052,C1131,search,2024-09-21,"{""ticket"":""T123""}"
E50053,C1129,login,2024-09-23,"{""q"":""policy""}"
E50054,C1110,login,2024-09-19,{}
E50055,C1102,login,2024-09-04,"{""q"":""visa""}"
E50056,C1020,purchase,2024-08-13,{}
E50057,C1051,purchase,2024-09-25,"{""q"":""policy""}"
E50058,C1105,logout,2024-10-13,"{""q"":""visa""}"
E50059,C1027,support_ticket,2024-07-11,"{""q"":""visa""}"
E50060,C1095,search,2024-08-15,"{""q"":""policy""}"
E50061,C1023,login,2024-10-28,"{""q"":""policy""}"
E50062,C1157,search,2024-10-12,{}
E50063,C1020,login,2024-10-28,"{""q"":""policy""}"
E50064,C1018,search,2024-07-22,"{""q"":""visa""}"
E50065,C1127,search,2024-08-25,"{""q"":""visa""}"
E50066,C1044,search,2024-07-16,"{""q"":""policy""}"
E50067,C1070,search,2024-10-12,{}
E50068,C1062,purchase,2024-09-01,"{""q"":""visa""}"
E50069,C1043,support_ticket,2024-07-30,"{""q"":""visa""}"
E50070,C1152,support_ticket,2024-07-11,{}
E50071,C1138,purchase,2024-09-27,"{""q"":""visa""}"
E50072,C1047,search,2024-10-06,{}
E50073,C1137,login,2024-10-14,"{""q"":""policy""}"
E50074,C1142,purchase,2024-10-25,"{""q"":""visa""}"
E50075,C1107,search,2024-10-06,"{""q"":""visa""}"
E50076,C1115,search,2024-10-03,"{""q"":""visa""}"
E50077,C1186,search,2024-10-06,"{""ticket"":""T123""}"
E50078,C1090,logout,2024-10-28,{}
E50079,C1077,purchase,2024-08-25,"{""ticket"":""T123""}"
E50080,C1107,search,2024-09-30,"{""q"":""policy""}"
E50081,C1167,purchase,2024-10-07,"{""q"":""policy""}"
E50082,C1141,search,2024-07-14,"{""ticket"":""T123""}"
E50083,C1015,search,2024-09-21,"{""q"":""policy""}"
E50084,C1091,search,2024-08-10,{}
E50085,C1147,search,2024-07-16,"{""q"":""visa""}"
E50086,C1044,purchase,2024-07-21,"{""q"":""visa""}"
E50087,C1197,login,2024-07-14,"{""q"":""visa""}"
E50088,C1161,support_ticket,2024-10-16,{}
E50089,C1169,search,2024-10-01,"{""q"":""visa""}"
E50090,C1016,purchase,2024-07-13,{}
E50091,C1115,purchase,,"{""q"":""visa""}"
E50092,C1105,purchase,2024-09-18,"{""q"":""visa""}"
E50093,C1125,purchase,2024-09-01,"{""ticket"":""T123""}"
E50094,C1170,logout,2024-09-11,"{""ticket"":""T123""}"
E50095,C1070,search,2024-10-17,{}
E50096,C1106,purchase,2024-09-01,{}
E50097,C1135,purchase,2024-09-18,"{""q"":""visa""}"
E50098,C1150,login,2024-09-07,"{""ticket"":""T123""}"
E50099,C1154,search,2024-08-17,{}
E50100,C1067,search,2024-10-15,"{""q"":""policy""}"
E50101,C1199,search,2024-08-19,"{""q"":""policy""}"
E50102,C1001,search,2024-10-04,"{""q"":""policy""}"
E50103,C1098,search,2024-09-11,"{""q"":""visa""}"
E50104,C1121,purchase,2024-09-21,"{""q"":""policy""}"
E50105,C1012,login,2024-09-30,"{""q"":""policy""}"
E50106,C1090,support_ticket,2024-09-27,"{""ticket"":""T123""}"
E50107,C1119,search,2024-09-06,"{""q"":""policy""}"
E50108,C1121,purchase,2024-09-12,{}
E50109,C1023,login,2024-08-31,"{""ticket"":""T123""}"
E50110,C1055,search,2024-08-10,"{""q"":""policy""}"
E50111,C1048,login,2024-09-26,"{""ticket"":""T123""}"
E50112,C1127,purchase,2024-10-14,"{""ticket"":""T123""}"
E50113,C1065,search,2024-09-23,"{""q"":""visa""}"
E50114,C1114,logout,2024-10-01,{}
E50115,C1146,search,2024-10-08,"{""ticket"":""T123""}"
E50116,C1159,search,2024-08-14,"{""q"":""visa""}"
E50117,C1036,search,2024-07-08,"{""q"":""policy""}"
E50118,C1180,purchase,2024-08-10,"{""ticket"":""T123""}"
E50119,C1033,search,2024-09-29,"{""ticket"":""T123""}"
E50120,C1004,search,2024-10-06,"{""ticket"":""T123""}"
E50121,C1008,login,2024-08-31,{}
E50122,C1040,login,2024-10-02,"{""q"":""visa""}"
E50123,C1174,login,2024-07-09,"{""q"":""policy""}"
E50124,C1041,logout,2024-09-16,{}
E50125,C1138,search,2024-09-20,"{""q"":""policy""}"
E50126,C1083,login,2024-08-30,{}
E50127,C1007,logout,2024-09-24,{}
E50128,C1088,login,2024-08-28,"{""q"":""visa""}"
E50129,C1005,search,2024-09-01,"{""q"":""visa""}"
E50130,C1095,purchase,2024-09-11,"{""q"":""policy""}"
E50131,C1111,logout,2024-10-04,{}
E50132,C1104,purchase,2024-07-30,"{""ticket"":""T123""}"
E50133,C1056,search,2024-08-06,"{""q"":""visa""}"
E50134,C1153,logout,2024-08-20,"{""q"":""visa""}"
E50135,C1119,login,2024-07-25,{}
E50136,C1050,logout,2024-08-10,{}
E50137,C1086,support_ticket,2024-08-12,{}
E50138,C1021,logout,2024-08-07,{}
E50139,C1184,search,2024-08-19,"{""ticket"":""T123""}"
E50140,C1150,login,2024-08-30,"{""q"":""policy""}"
E50141,C1057,purchase,2024-09-22,"{""q"":""visa""}"
E50142,C1134,search,2024-08-06,"{""ticket"":""T123""}"
E50143,C1135,search,2024-10-10,"{""ticket"":""T123""}"
E50144,C1121,logout,2024-08-27,"{""q"":""policy""}"
E50145,C1010,purchase,2024-09-25,"{""q"":""policy""}"
E50146,C1175,search,2024-07-14,"{""q"":""policy""}"
E50147,C1191,search,2024-07-21,{}
E50148,C1194,login,2024-08-24,"{""ticket"":""T123""}"
E50149,C1196,login,2024-08-13,"{""q"":""visa""}"
E50150,C1185,login,2024-08-29,"{""q"":""policy""}"
E50151,C1147,support_ticket,2024-07-20,"{""q"":""visa""}"
E50152,C1011,purchase,2024-08-26,"{""q"":""visa""}"
E50153,C1093,search,2024-09-21,{}
E50154,C1049,search,2024-09-26,"{""q"":""visa""}"
E50155,C1043,purchase,2024-07-30,"{""ticket"":""T123""}"
E50156,C1166,support_ticket,2024-08-11,"{""q"":""visa""}"
E50157,C1162,logout,2024-09-02,"{""q"":""visa""}"
E50158,C1104,search,2024-09-01,{}
E50159,C1147,support_ticket,2024-10-04,"{""q"":""visa""}"
E50160,C1025,search,2024-08-16,"{""ticket"":""T123""}"
E50161,C1044,search,2024-09-19,"{""q"":""policy""}"
E50162,C1172,logout,2024-10-15,"{""q"":""visa""}"
E50163,C1090,search,2024-08-05,"{""q"":""visa""}"
E50164,C1109,search,2024-10-07,{}
E50165,C1092,search,2024-08-09,"{""q"":""policy""}"
E50166,C1040,search,2024-08-10,"{""ticket"":""T123""}"
E50167,C1165,search,2024-09-17,"{""ticket"":""T123""}"
E50168,C1151,purchase,2024-09-13,"{""q"":""policy""}"
E50169,C1136,search,2024-09-04,"{""q"":""policy""}"
E50170,C1070,login,2024-07-28,"{""ticket"":""T123""}"
E50171,C1128,logout,2024-07-12,{}
E50172,C1190,search,2024-10-18,"{""q"":""policy""}"
E50173,C1129,logout,2024-10-13,{}
E50174,C1098,login,2024-10-15,{}
E50175,C1054,search,2024-08-31,"{""q"":""visa""}"
E50176,C1104,search,2024-10-15,"{""q"":""policy""}"
E50177,C1074,support_ticket,2024-08-26,"{""ticket"":""T123""}"
E50178,C1122,login,2024-07-10,"{""ticket"":""T123""}"
E50179,C1009,logout,2024-07-24,"{""ticket"":""T123""}"
E50180,C1038,search,2024-08-02,"{""q"":""visa""}"
E50181,C1157,search,2024-08-15,"{""q"":""visa""}"
E50182,C1076,search,2024-10-21,"{""q"":""visa""}"
E50183,C1086,login,2024-08-09,"{""ticket"":""T123""}"
E50184,C1108,search,2024-09-12,{}
E50185,C1087,search,2024-08-02,"{""q"":""visa""}"
E50186,C1151,search,2024-09-16,{}
E50187,C1049,purchase,2024-09-07,"{""q"":""policy""}"
E50188,C1151,search,2024-07-19,"{""q"":""policy""}"
E50189,C1041,login,2024-08-25,"{""q"":""visa""}"
E50190,C1074,login,2024-07-13,"{""ticket"":""T123""}"
E50191,C1117,login,2024-10-15,{}
E50192,C1177,login,2024-09-23,"{""q"":""visa""}"
E50193,C1046,purchase,2024-10-21,{}
E50194,C1117,login,2024-10-14,{}
E50195,C1012,logout,2024-07-27,"{""q"":""policy""}"
E50196,C1015,login,2024-09-23,"{""q"":""visa""}"
E50197,C1153,login,2024-07-13,{}
E50198,C1143,logout,2024-10-24,"{""q"":""policy""}"
E50199,C1075,search,2024-10-03,"{""ticket"":""T123""}"
E50200,C1124,search,2024-09-20,"{""q"":""policy""}"
E50201,C1076,logout,2024-10-28,"{""ticket"":""T123""}"
E50202,C1055,logout,2024-10-10,"{""ticket"":""T123""}"
E50203,C1086,purchase,2024-10-12,"{""q"":""policy""}"
E50204,C1062,login,2024-07-13,"{""q"":""visa""}"
E50205,C1163,search,2024-07-03,"{""q"":""visa""}"
E50206,C1082,logout,2024-10-24,"{""q"":""policy""}"
E50207,C1064,logout,2024-07-31,"{""q"":""policy""}"
E50208,C1107,login,2024-08-21,"{""q"":""policy""}"
E50209,C1151,search,2024-07-06,{}
E50210,C1054,search,2024-09-13,{}
E50211,C1187,login,2024-10-07,"{""q"":""policy""}"
E50212,C1092,purchase,2024-10-10,"{""ticket"":""T123""}"
E50213,C1132,search,2024-09-08,{}
E50214,C1191,search,2024-09-18,{}
E50215,C1086,login,2024-08-31,"{""q"":""policy""}"
E50216,C1039,search,2024-08-23,"{""q"":""visa""}"
E50217,C1149,login,2024-09-05,{}
E50218,C1001,search,2024-10-21,{}
E50219,C1091,login,2024-07-31,{}
E50220,C1195,logout,2024-08-26,"{""q"":""policy""}"
E50221,C1082,login,2024-09-11,{}
E50222,C1136,search,2024-09-07,"{""ticket"":""T123""}"
E50223,C1105,login,2024-07-04,"{""ticket"":""T123""}"
E50224,C1042,login,2024-08-04,"{""q"":""policy""}"
E50225,C1063,login,2024-09-16,{}
E50226,C1104,login,2024-09-22,{}
E50227,C1020,login,2024-09-27,"{""q"":""policy""}"
E50228,C1082,search,2024-10-27,"{""q"":""policy""}"
E50229,C1082,purchase,2024-09-19,"{""q"":""visa""}"
E50230,C1166,login,2024-09-08,"{""q"":""policy""}"
E50231,C1024,search,2024-08-09,"{""q"":""policy""}"
E50232,C1168,search,2024-08-14,"{""q"":""policy""}"
E50233,C1082,login,2024-10-08,"{""q"":""visa""}"
E50234,C1130,search,2024-08-26,"{""q"":""visa""}"
E50235,C1111,login,2024-09-24,{}
E50236,C1059,login,2024-07-15,"{""q"":""policy""}"
E50237,C1186,search,2024-07-16,"{""q"":""visa""}"
E50238,C1044,logout,2024-07-26,"{""q"":""visa""}"
E50239,C1007,logout,2024-07-24,"{""q"":""visa""}"
E50240,C1150,logout,,"{""q"":""visa""}"
E50241,C1124,search,2024-09-15,"{""q"":""visa""}"
E50242,C1178,login,2024-09-05,"{""q"":""policy""}"
E50243,C1091,search,2024-08-04,"{""q"":""visa""}"
E50244,C1003,login,2024-09-08,"{""q"":""policy""}"
E50245,C1004,login,2024-07-15,"{""q"":""policy""}"
E50246,C1086,login,2024-08-26,{}
E50247,C1049,search,2024-07-19,"{""q"":""policy""}"
E50248,C1184,search,2024-07-10,{}
E50249,C1023,login,2024-07-20,{}
E50250,C1176,purchase,2024-07-14,"{""q"":""policy""}"
E50251,C1043,search,2024-08-27,"{""q"":""visa""}"
E50252,C1023,logout,2024-09-04,"{""ticket"":""T123""}"
E50253,C1054,login,2024-09-11,{}
E50254,C1028,search,2024-08-22,"{""ticket"":""T123""}"
E50255,C1080,login,2024-07-22,"{""q"":""policy""}"
E50256,C1066,search,2024-07-03,"{""q"":""visa""}"
E50257,C1105,login,2024-09-24,"{""q"":""visa""}"
E50258,C1107,login,2024-10-26,"{""ticket"":""T123""}"
E50259,C1000,purchase,2024-08-03,{}
E50260,C1024,search,2024-07-25,"{""ticket"":""T123""}"
E50261,C1032,login,2024-08-07,{}
E50262,C1038,logout,2024-07-26,"{""ticket"":""T123""}"
E50263,C1018,login,2024-07-27,"{""q"":""visa""}"
E50264,C1062,search,2024-08-29,"{""q"":""policy""}"
E50265,C1109,search,2024-10-03,"{""q"":""policy""}"
E50266,C1061,search,2024-09-24,{}
E50267,C1065,search,2024-10-24,"{""ticket"":""T123""}"
E50268,C1093,login,2024-08-12,"{""q"":""visa""}"
E50269,C1109,purchase,2024-08-29,"{""ticket"":""T123""}"
E50270,C1066,login,2024-08-15,"{""q"":""visa""}"
E50271,C1044,login,2024-07-06,"{""ticket"":""T123""}"
E50272,C1081,search,2024-08-16,"{""ticket"":""T123""}"
E50273,C1004,logout,2024-08-01,"{""q"":""policy""}"
E50274,C1098,support_ticket,2024-08-27,"{""q"":""visa""}"
E50275,C1188,logout,2024-07-19,"{""q"":""policy""}"
E50276,C1079,purchase,2024-09-27,"{""ticket"":""T123""}"
E50277,C1021,purchase,2024-10-10,"{""q"":""visa""}"
E50278,C1141,search,2024-10-24,"{""q"":""policy""}"
E50279,C1025,logout,2024-07-11,"{""q"":""visa""}"
E50280,C1038,search,2024-07-15,"{""q"":""policy""}"
E50281,C1029,search,2024-10-24,"{""q"":""visa""}"
E50282,C1176,purchase,2024-10-10,"{""q"":""policy""}"
E50283,C1196,search,2024-09-09,"{""q"":""policy""}"
E50284,C1113,login,2024-08-08,"{""ticket"":""T123""}"
E50285,C1123,search,2024-09-01,{}
E50286,C1129,search,2024-09-03,"{""ticket"":""T123""}"
E50287,C1122,support_ticket,2024-10-10,{}
E50288,C1108,search,2024-09-02,{}
E50289,C1197,support_ticket,2024-07-04,{}
E50290,C1146,search,2024-09-22,{}
E50291,C1017,support_ticket,2024-10-02,{}
E50292,C1078,login,2024-08-05,"{""ticket"":""T123""}"
E50293,C1194,logout,2024-07-14,"{""ticket"":""T123""}"
E50294,C1080,search,2024-07-18,"{""q"":""visa""}"
E50295,C1040,search,2024-10-09,{}
E50296,C1173,login,2024-08-23,"{""ticket"":""T123""}"
E50297,C1124,search,2024-09-02,"{""q"":""visa""}"
E50298,C1112,search,2024-10-24,"{""q"":""visa""}"
E50299,C1084,purchase,2024-07-08,"{""ticket"":""T123""}"
E50300,C1024,logout,2024-07-25,"{""q"":""policy""}"
E50301,C1076,purchase,2024-10-08,"{""q"":""policy""}"
E50302,C1087,search,2024-09-03,"{""ticket"":""T123""}"
E50303,C1186,search,2024-07-04,"{""q"":""visa""}"
E50304,C1061,support_ticket,2024-09-23,"{""q"":""visa""}"
E50305,C1029,support_ticket,2024-07-17,"{""q"":""visa""}"
E50306,C1085,search,2024-10-02,"{""ticket"":""T123""}"
E50307,C1199,logout,2024-10-04,"{""q"":""policy""}"
E50308,C1096,search,2024-10-07,{}
E50309,C1075,support_ticket,2024-08-25,"{""q"":""policy""}"
E50310,C1133,logout,2024-08-02,"{""q"":""visa""}"
E50311,C1129,purchase,2024-10-14,"{""ticket"":""T123""}"
E50312,C1059,login,2024-09-06,"{""q"":""policy""}"
E50313,C1193,search,2024-09-15,"{""q"":""visa""}"
E50314,C1118,login,2024-07-17,"{""ticket"":""T123""}"
E50315,C1011,support_ticket,2024-09-13,"{""ticket"":""T123""}"
E50316,C1081,search,2024-09-08,"{""ticket"":""T123""}"
E50317,C1184,purchase,2024-08-05,"{""ticket"":""T123""}"
E50318,C1078,logout,2024-10-01,"{""q"":""visa""}"
E50319,C1113,login,2024-07-17,"{""q"":""policy""}"
E50320,C1122,search,2024-09-25,"{""q"":""policy""}"
E50321,C1140,purchase,2024-10-24,"{""q"":""visa""}"
E50322,C1174,search,2024-09-07,{}
E50323,C1029,login,2024-07-13,"{""q"":""visa""}"
E50324,C1103,login,2024-09-05,"{""q"":""visa""}"
E50325,C1106,search,2024-09-02,"{""q"":""visa""}"
E50326,C1030,purchase,2024-09-05,"{""q"":""policy""}"
E50327,C1134,search,2024-08-02,"{""q"":""visa""}"
E50328,C1023,login,2024-09-14,{}
E50329,C1091,search,2024-08-01,"{""q"":""visa""}"
E50330,C1066,search,2024-09-05,"{""ticket"":""T123""}"
E50331,C1030,search,2024-09-10,"{""ticket"":""T123""}"
E50332,C1164,purchase,2024-09-16,"{""ticket"":""T123""}"
E50333,C1048,search,2024-10-04,"{""q"":""policy""}"
E50334,C1051,search,2024-10-14,{}
E50335,C1170,logout,2024-10-02,"{""q"":""visa""}"
E50336,C1175,search,2024-10-04,{}
E50337,C1006,purchase,2024-10-13,"{""q"":""policy""}"
E50338,C1055,login,2024-07-30,"{""q"":""visa""}"
E50339,C1141,login,2024-08-05,"{""q"":""visa""}"
E50340,C1155,login,2024-09-02,"{""q"":""visa""}"
E50341,C1199,support_ticket,2024-08-25,"{""ticket"":""T123""}"
E50342,C1110,support_ticket,2024-09-23,{}
E50343,C1001,login,2024-07-02,"{""ticket"":""T123""}"
E50344,C1174,login,2024-07-17,"{""q"":""visa""}"
E50345,C1032,search,2024-09-28,"{""q"":""policy""}"
E50346,C1024,search,2024-10-07,"{""q"":""policy""}"
E50347,C1134,purchase,2024-08-06,"{""q"":""visa""}"
E50348,C1120,purchase,2024-08-07,"{""q"":""visa""}"
E50349,C1011,logout,2024-09-06,"{""q"":""policy""}"
E50350,C1033,search,2024-08-27,{}
E50351,C1117,purchase,2024-07-21,{}
E50352,C1051,search,2024-08-30,"{""q"":""policy""}"
E50353,C1136,search,2024-10-07,"{""q"":""policy""}"
E50354,C1082,logout,2024-09-26,"{""q"":""visa""}"
E50355,C1117,login,2024-10-07,"{""ticket"":""T123""}"
E50356,C1094,purchase,2024-09-16,{}
E50357,C1073,purchase,2024-10-14,"{""q"":""policy""}"
E50358,C1068,logout,2024-07-30,{}
E50359,C1139,search,2024-07-06,"{""ticket"":""T123""}"
E50360,C1102,search,2024-07-14,"{""q"":""visa""}"
E50361,C1118,support_ticket,2024-10-28,{}
E50362,C1115,support_ticket,2024-09-15,"{""q"":""policy""}"
E50363,C1041,search,2024-07-30,"{""q"":""visa""}"
E50364,C1182,support_ticket,2024-10-11,"{""ticket"":""T123""}"
E50365,C1112,search,2024-08-07,"{""q"":""visa""}"
E50366,C1143,search,2024-09-10,"{""q"":""policy""}"
E50367,C1176,logout,2024-07-30,"{""q"":""visa""}"
E50368,C1184,search,2024-07-12,"{""q"":""visa""}"
E50369,C1133,search,2024-08-02,"{""q"":""visa""}"
E50370,C1157,logout,2024-07-28,{}
E50371,C1094,support_ticket,2024-09-05,"{""q"":""visa""}"
E50372,C1147,logout,2024-07-03,{}
E50373,C1064,search,2024-07-29,"{""ticket"":""T123""}"
E50374,C1142,logout,2024-09-07,"{""ticket"":""T123""}"
E50375,C1017,login,2024-08-17,"{""q"":""visa""}"
E50376,C1182,search,2024-09-15,"{""q"":""visa""}"
E50377,C1048,search,2024-09-17,{}
E50378,C1131,support_ticket,2024-10-24,"{""ticket"":""T123""}"
E50379,C1002,logout,2024-10-09,"{""q"":""policy""}"
E50380,C1031,purchase,2024-07-28,"{""q"":""policy""}"
E50381,C1197,purchase,2024-09-22,"{""q"":""visa""}"
E50382,C1166,search,2024-09-14,"{""ticket"":""T123""}"
E50383,C1044,search,2024-09-10,"{""q"":""policy""}"
E50384,C1026,search,2024-10-04,"{""q"":""visa""}"
E50385,C1162,login,2024-07-18,"{""q"":""visa""}"
E50386,C1198,search,2024-08-15,"{""q"":""policy""}"
E50387,C1033,logout,,"{""q"":""visa""}"
E50388,C1132,purchase,2024-10-16,"{""ticket"":""T123""}"
E50389,C1056,support_ticket,2024-07-05,"{""q"":""policy""}"
E50390,C1148,search,2024-08-26,"{""ticket"":""T123""}"
E50391,C1083,search,2024-08-01,"{""ticket"":""T123""}"
E50392,C1025,login,2024-07-21,"{""ticket"":""T123""}"
E50393,C1064,search,2024-07-07,"{""q"":""visa""}"
E50394,C1107,search,2024-09-03,"{""ticket"":""T123""}"
E50395,C1159,search,2024-09-19,"{""q"":""visa""}"
E50396,C1004,login,2024-09-02,"{""ticket"":""T123""}"
E50397,C1191,purchase,2024-08-14,"{""q"":""visa""}"
E50398,C1129,search,2024-10-01,"{""ticket"":""T123""}"
E50399,C1175,search,2024-09-17,"{""ticket"":""T123""}"
E50400,C1186,login,2024-10-18,"{""ticket"":""T123""}"
E50401,C1030,search,2024-08-11,"{""q"":""visa""}"
E50402,C1018,search,2024-07-29,"{""q"":""visa""}"
E50403,C1155,search,2024-08-24,"{""ticket"":""T123""}"
E50404,C1037,search,2024-08-30,"{""q"":""policy""}"
E50405,C1029,login,2024-08-24,{}
E50406,C1093,logout,2024-10-08,"{""ticket"":""T123""}"
E50407,C1182,login,2024-07-06,"{""q"":""visa""}"
E50408,C1159,search,2024-09-02,"{""q"":""policy""}"
E50409,C1103,login,2024-08-21,"{""q"":""visa""}"
E50410,C1039,search,2024-07-26,{}
E50411,C1067,search,2024-09-15,"{""q"":""policy""}"
E50412,C1137,logout,2024-10-05,"{""q"":""policy""}"
E50413,C1031,search,2024-09-04,"{""q"":""policy""}"
E50414,C1104,purchase,2024-07-11,"{""ticket"":""T123""}"
E50415,C1002,login,2024-07-10,"{""q"":""visa""}"
E50416,C1065,login,2024-08-20,{}
E50417,C1049,search,2024-09-19,"{""q"":""policy""}"
E50418,C1136,search,2024-08-07,{}
E50419,C1182,search,2024-08-07,"{""ticket"":""T123""}"
E50420,C1029,logout,2024-10-12,"{""q"":""policy""}"
E50421,C1159,purchase,2024-07-02,"{""q"":""policy""}"
E50422,C1131,logout,2024-07-10,"{""q"":""policy""}"
E50423,C1193,search,2024-07-19,{}
E50424,C1182,support_ticket,2024-10-27,"{""ticket"":""T123""}"
E50425,C1020,search,2024-08-29,"{""q"":""visa""}"
E50426,C1148,purchase,2024-07-19,"{""q"":""policy""}"
E50427,C1118,logout,2024-08-07,"{""q"":""policy""}"
E50428,C1022,purchase,2024-10-25,"{""q"":""visa""}"
E50429,C1051,logout,2024-09-22,{}
E50430,C1185,purchase,2024-07-27,"{""ticket"":""T123""}"
E50431,C1108,login,2024-07-29,"{""q"":""visa""}"
E50432,C1067,purchase,2024-07-09,{}
E50433,C1064,search,2024-10-01,"{""q"":""visa""}"
E50434,C1167,logout,2024-07-17,"{""ticket"":""T123""}"
E50435,C1056,support_ticket,2024-08-04,{}
E50436,C1031,login,2024-08-11,"{""q"":""visa""}"
E50437,C1114,login,2024-09-13,"{""q"":""visa""}"
E50438,C1198,login,2024-09-11,"{""ticket"":""T123""}"
E50439,C1036,search,2024-10-04,"{""q"":""visa""}"
E50440,C1051,login,2024-08-05,"{""q"":""visa""}"
E50441,C1093,purchase,2024-08-16,"{""ticket"":""T123""}"
E50442,C1039,search,2024-08-16,"{""ticket"":""T123""}"
E50443,C1130,support_ticket,2024-07-06,"{""q"":""policy""}"
E50444,C1050,search,2024-09-27,"{""q"":""visa""}"
E50445,C1025,search,2024-09-03,{}
E50446,C1052,login,2024-08-27,"{""ticket"":""T123""}"
E50447,C1186,logout,2024-10-28,"{""ticket"":""T123""}"
E50448,C1186,login,2024-07-22,"{""q"":""policy""}"
E50449,C1101,login,2024-10-25,"{""q"":""visa""}"
E50450,C1080,login,2024-09-20,"{""ticket"":""T123""}"
E50451,C1163,support_ticket,2024-07-27,{}
E50452,C1038,login,2024-09-20,"{""q"":""visa""}"
E50453,C1130,purchase,2024-09-29,"{""ticket"":""T123""}"
E50454,C1136,purchase,2024-08-13,"{""ticket"":""T123""}"
E50455,C1142,support_ticket,2024-08-11,{}
E50456,C1043,login,2024-10-09,"{""ticket"":""T123""}"
E50457,C1143,login,2024-07-20,"{""ticket"":""T123""}"
E50458,C1122,search,2024-07-02,{}
E50459,C1175,login,2024-09-18,"{""q"":""visa""}"
E50460,C1034,purchase,2024-10-17,"{""q"":""visa""}"
E50461,C1122,search,2024-08-30,"{""ticket"":""T123""}"
E50462,C1165,search,2024-07-17,{}
E50463,C1055,login,2024-09-03,"{""ticket"":""T123""}"
E50464,C1148,search,2024-07-31,"{""q"":""visa""}"
E50465,C1019,login,2024-10-08,"{""q"":""policy""}"
E50466,C1143,purchase,2024-09-12,"{""q"":""policy""}"
E50467,C1121,login,2024-08-10,"{""ticket"":""T123""}"
E50468,C1038,logout,2024-09-13,"{""ticket"":""T123""}"
E50469,C1013,purchase,2024-09-19,"{""q"":""policy""}"
E50470,C1149,login,2024-09-20,"{""ticket"":""T123""}"
E50471,C1048,login,2024-08-13,"{""q"":""visa""}"
E50472,C1099,search,2024-09-07,{}
E50473,C1012,login,2024-07-06,"{""q"":""visa""}"
E50474,C1192,login,2024-08-18,"{""ticket"":""T123""}"
E50475,C1109,logout,2024-08-15,{}
E50476,C1186,purchase,2024-09-03,{}
E50477,C1032,login,2024-10-23,{}
E50478,C1041,search,2024-10-23,"{""q"":""visa""}"
E50479,C1122,search,2024-08-27,{}
E50480,C1120,logout,2024-09-16,"{""ticket"":""T123""}"
E50481,C1158,login,2024-07-13,{}
E50482,C1185,purchase,2024-08-27,{}
E50483,C1164,support_ticket,2024-09-21,"{""q"":""policy""}"
E50484,C1028,login,2024-09-20,"{""ticket"":""T123""}"
E50485,C1061,login,2024-10-24,"{""ticket"":""T123""}"
E50486,C1182,search,2024-08-25,"{""q"":""policy""}"
E50487,C1109,logout,2024-10-17,"{""q"":""visa""}"
E50488,C1173,search,2024-10-26,"{""ticket"":""T123""}"
E50489,C1112,purchase,2024-09-07,"{""ticket"":""T123""}"
E50490,C1009,support_ticket,2024-07-11,{}
E50491,C1094,support_ticket,2024-08-15,"{""ticket"":""T123""}"
E50492,C1164,search,2024-09-30,"{""ticket"":""T123""}"
E50493,C1131,search,2024-09-08,"{""q"":""visa""}"
E50494,C1026,purchase,2024-10-21,"{""q"":""visa""}"
E50495,C1042,search,2024-10-06,"{""q"":""policy""}"
E50496,C1170,logout,2024-07-08,"{""ticket"":""T123""}"
E50497,C1195,login,2024-10-12,"{""ticket"":""T123""}"
E50498,C1150,login,2024-08-12,"{""q"":""visa""}"
E50499,C1019,support_ticket,2024-10-07,"{""q"":""visa""}"
E50500,C1123,search,2024-08-30,"{""q"":""policy""}"
E50501,C1165,login,2024-08-24,"{""q"":""visa""}"
E50502,C1128,login,2024-07-09,{}
E50503,C1118,search,2024-07-15,"{""ticket"":""T123""}"
E50504,C1093,support_ticket,2024-09-10,"{""q"":""visa""}"
E50505,C1048,login,2024-09-07,"{""q"":""visa""}"
E50506,C1056,login,2024-09-05,{}
E50507,C1149,search,2024-07-19,"{""q"":""visa""}"
E50508,C1013,logout,2024-08-31,{}
E50509,C1016,search,2024-07-08,"{""ticket"":""T123""}"
E50510,C1079,logout,2024-07-18,"{""q"":""visa""}"
E50511,C1154,logout,2024-08-29,"{""q"":""policy""}"
E50512,C1131,search,2024-09-13,"{""ticket"":""T123""}"
E50513,C1117,support_ticket,2024-09-17,"{""ticket"":""T123""}"
E50514,C1106,purchase,2024-10-26,{}
E50515,C1022,search,2024-10-11,{}
E50516,C1066,search,2024-08-15,"{""q"":""policy""}"
E50517,C1015,support_ticket,2024-10-02,{}
E50518,C1151,support_ticket,2024-07-12,"{""q"":""visa""}"
E50519,C1150,support_ticket,2024-10-11,"{""q"":""visa""}"
E50520,C1051,logout,2024-08-16,"{""q"":""visa""}"
E50521,C1058,search,2024-09-30,{}
E50522,C1063,support_ticket,2024-10-25,"{""ticket"":""T123""}"
E50523,C1177,logout,2024-09-23,"{""ticket"":""T123""}"
E50524,C1097,login,2024-10-19,"{""q"":""visa""}"
E50525,C1152,login,2024-07-02,{}
E50526,C1089,search,2024-07-21,"{""q"":""policy""}"
E50527,C1139,logout,2024-09-14,"{""q"":""visa""}"
E50528,C1105,search,2024-09-03,"{""q"":""visa""}"
E50529,C1055,purchase,2024-07-15,{}
E50530,C1175,login,2024-09-25,"{""ticket"":""T123""}"
E50531,C1141,search,,"{""ticket"":""T123""}"
E50532,C1153,purchase,2024-10-27,"{""q"":""visa""}"
E50533,C1189,login,2024-07-19,"{""q"":""policy""}"
E50534,C1049,logout,2024-08-23,"{""q"":""visa""}"
E50535,C1018,login,2024-10-07,{}
E50536,C1116,logout,2024-08-31,"{""q"":""visa""}"
E50537,C1065,login,2024-09-28,{}
E50538,C1087,logout,2024-09-23,{}
E50539,C1046,purchase,2024-10-22,"{""q"":""visa""}"
E50540,C1079,login,2024-08-25,"{""q"":""visa""}"
E50541,C1078,login,2024-10-26,"{""ticket"":""T123""}"
E50542,C1070,login,2024-09-01,"{""q"":""visa""}"
E50543,C1148,search,2024-10-16,"{""ticket"":""T123""}"
E50544,C1118,support_ticket,2024-09-26,"{""ticket"":""T123""}"
E50545,C1094,search,2024-07-16,"{""q"":""policy""}"
E50546,C1022,search,2024-09-16,"{""ticket"":""T123""}"
E50547,C1114,search,2024-10-14,"{""q"":""policy""}"
E50548,C1035,search,2024-07-16,"{""q"":""visa""}"
E50549,C1062,purchase,2024-10-09,{}
E50550,C1082,search,2024-07-13,{}
E50551,C1028,purchase,2024-10-13,"{""q"":""visa""}"
E50552,C1077,logout,2024-10-03,"{""q"":""policy""}"
E50553,C1053,search,2024-07-19,"{""q"":""visa""}"
E50554,C1169,login,2024-09-26,{}
E50555,C1171,login,2024-07-15,"{""q"":""policy""}"
E50556,C1000,search,2024-09-07,"{""q"":""visa""}"
E50557,C1120,search,2024-10-19,"{""q"":""visa""}"
E50558,C1128,logout,2024-07-25,"{""ticket"":""T123""}"
E50559,C1075,purchase,2024-07-21,"{""ticket"":""T123""}"
E50560,C1093,search,2024-08-20,"{""ticket"":""T123""}"
E50561,C1157,support_ticket,2024-08-14,{}
E50562,C1075,search,2024-07-06,"{""q"":""visa""}"
E50563,C1012,support_ticket,2024-08-24,{}
E50564,C1074,login,2024-08-01,"{""q"":""policy""}"
E50565,C1050,purchase,2024-07-15,{}
E50566,C1076,logout,2024-08-03,"{""q"":""policy""}"
E50567,C1046,support_ticket,2024-07-03,{}
E50568,C1029,logout,2024-10-18,"{""q"":""visa""}"
E50569,C1197,search,2024-10-28,{}
E50570,C1025,support_ticket,2024-08-14,"{""q"":""visa""}"
E50571,C1141,search,2024-10-14,"{""q"":""visa""}"
E50572,C1143,purchase,2024-08-25,{}
E50573,C1123,login,2024-10-18,{}
E50574,C1182,login,2024-07-21,"{""ticket"":""T123""}"
E50575,C1000,search,2024-08-04,"{""q"":""visa""}"
E50576,C1060,login,2024-09-27,"{""q"":""policy""}"
E50577,C1036,purchase,2024-07-27,"{""ticket"":""T123""}"
E50578,C1115,support_ticket,2024-10-07,{}
E50579,C1127,logout,2024-08-21,"{""ticket"":""T123""}"
E50580,C1179,login,2024-08-18,{}
E50581,C1075,logout,2024-08-24,"{""q"":""visa""}"
E50582,C1047,login,2024-10-04,{}
E50583,C1184,search,2024-07-01,{}
E50584,C1134,support_ticket,2024-09-29,"{""q"":""policy""}"
E50585,C1152,login,2024-10-02,{}
E50586,C1088,login,2024-10-07,"{""q"":""policy""}"
E50587,C1089,login,2024-10-28,{}
E50588,C1077,search,2024-10-02,{}
E50589,C1149,support_ticket,2024-09-02,"{""ticket"":""T123""}"
E50590,C1042,login,2024-08-25,"{""ticket"":""T123""}"
E50591,C1195,login,2024-08-16,"{""ticket"":""T123""}"
E50592,C1035,search,2024-10-08,{}
E50593,C1092,login,2024-08-17,"{""q"":""policy""}"
E50594,C1062,purchase,2024-09-07,"{""q"":""policy""}"
E50595,C1128,logout,2024-07-12,"{""q"":""policy""}"
E50596,C1136,support_ticket,2024-08-08,"{""q"":""policy""}"
E50597,C1183,logout,2024-08-01,"{""q"":""visa""}"
E50598,C1157,search,2024-08-22,"{""q"":""policy""}"
E50599,C1049,support_ticket,2024-08-30,"{""q"":""policy""}"
E50600,C1041,login,2024-09-24,"{""ticket"":""T123""}"
E50601,C1177,login,2024-08-21,"{""ticket"":""T123""}"
E50602,C1097,purchase,2024-07-19,"{""q"":""policy""}"
E50603,C1019,login,2024-09-04,{}
E50604,C1164,logout,2024-07-07,"{""q"":""visa""}"
E50605,C1129,purchase,2024-10-10,"{""q"":""policy""}"
E50606,C1005,logout,2024-10-01,"{""ticket"":""T123""}"
E50607,C1156,search,2024-07-28,"{""q"":""policy""}"
E50608,C1121,search,2024-08-01,{}
E50609,C1122,purchase,2024-07-04,{}
E50610,C1172,login,2024-08-13,{}
E50611,C1099,search,2024-07-05,"{""q"":""policy""}"
E50612,C1092,purchase,2024-10-21,"{""q"":""policy""}"
E50613,C1123,logout,2024-07-17,"{""ticket"":""T123""}"
E50614,C1039,purchase,2024-09-18,"{""ticket"":""T123""}"
E50615,C1030,login,2024-09-07,{}
E50616,C1168,search,2024-07-29,"{""ticket"":""T123""}"
E50617,C1043,search,2024-10-05,"{""q"":""visa""}"
E50618,C1100,login,2024-07-14,"{""q"":""policy""}"
E50619,C1053,search,2024-10-15,"{""q"":""policy""}"
E50620,C1046,search,2024-09-27,"{""q"":""policy""}"
E50621,C1119,login,2024-09-15,{}
E50622,C1160,search,2024-10-14,"{""ticket"":""T123""}"
E50623,C1088,login,2024-08-18,{}
E50624,C1027,search,2024-08-03,{}
E50625,C1048,login,2024-07-19,"{""q"":""policy""}"
E50626,C1032,purchase,2024-10-19,{}
E50627,C1176,login,2024-08-18,{}
E50628,C1063,logout,2024-10-08,"{""q"":""policy""}"
E50629,C1074,login,2024-08-09,"{""q"":""policy""}"
E50630,C1014,search,2024-10-23,{}
E50631,C1089,search,2024-10-13,"{""ticket"":""T123""}"
E50632,C1182,login,2024-08-06,"{""ticket"":""T123""}"
E50633,C1081,search,2024-08-28,"{""q"":""visa""}"
E50634,C1130,support_ticket,2024-10-04,"{""q"":""visa""}"
E50635,C1036,logout,2024-07-28,"{""ticket"":""T123""}"
E50636,C1028,search,2024-07-03,"{""q"":""policy""}"
E50637,C1146,login,2024-08-04,"{""q"":""policy""}"
E50638,C1013,purchase,2024-09-09,{}
E50639,C1089,search,2024-07-17,"{""q"":""visa""}"
E50640,C1063,login,2024-08-10,{}
E50641,C1003,support_ticket,2024-10-19,"{""q"":""visa""}"
E50642,C1106,search,2024-07-10,"{""ticket"":""T123""}"
E50643,C1192,purchase,2024-07-07,{}
E50644,C1013,search,2024-08-20,"{""q"":""visa""}"
E50645,C1163,search,2024-07-02,"{""q"":""policy""}"
E50646,C1107,login,2024-07-04,"{""q"":""policy""}"
E50647,C1144,support_ticket,2024-07-22,"{""q"":""visa""}"
E50648,C1019,login,2024-07-13,{}
E50649,C1173,support_ticket,2024-10-06,"{""ticket"":""T123""}"
E50650,C1002,support_ticket,2024-07-15,"{""q"":""policy""}"
E50651,C1181,purchase,2024-09-01,"{""q"":""policy""}"
E50652,C1131,login,2024-09-23,"{""ticket"":""T123""}"
E50653,C1067,search,2024-09-14,{}
E50654,C1001,search,2024-09-17,"{""q"":""policy""}"
E50655,C1122,search,2024-08-12,"{""ticket"":""T123""}"
E50656,C1017,logout,2024-10-15,"{""q"":""policy""}"
E50657,C1121,search,2024-07-09,{}
E50658,C1154,logout,2024-07-13,"{""q"":""policy""}"
E50659,C1053,login,2024-10-11,"{""ticket"":""T123""}"
E50660,C1047,search,2024-07-09,"{""ticket"":""T123""}"
E50661,C1044,login,2024-07-24,"{""ticket"":""T123""}"
E50662,C1044,purchase,2024-07-21,"{""q"":""policy""}"
E50663,C1022,login,2024-07-04,"{""ticket"":""T123""}"
E50664,C1049,search,2024-07-15,"{""q"":""policy""}"
E50665,C1131,support_ticket,2024-09-07,"{""ticket"":""T123""}"
E50666,C1060,search,2024-09-18,"{""ticket"":""T123""}"
E50667,C1156,login,2024-07-10,{}
E50668,C1163,login,2024-10-22,"{""ticket"":""T123""}"
E50669,C1152,search,2024-07-12,"{""q"":""visa""}"
E50670,C1107,search,2024-09-21,"{""q"":""visa""}"
E50671,C1063,login,2024-10-05,"{""ticket"":""T123""}"
E50672,C1185,purchase,2024-09-01,{}
E50673,C1041,login,2024-08-28,"{""q"":""visa""}"
E50674,C1092,search,2024-07-14,{}
E50675,C1090,search,2024-07-29,"{""q"":""policy""}"
E50676,C1149,login,2024-10-11,{}
E50677,C1109,login,2024-08-11,{}
E50678,C1159,login,2024-07-05,"{""ticket"":""T123""}"
E50679,C1183,login,2024-09-26,"{""q"":""policy""}"
E50680,C1078,search,2024-09-21,"{""q"":""policy""}"
E50681,C1174,logout,2024-07-08,"{""q"":""policy""}"
E50682,C1033,support_ticket,2024-07-07,"{""q"":""visa""}"
E50683,C1183,search,2024-07-14,"{""q"":""visa""}"
E50684,C1035,search,2024-07-07,"{""q"":""visa""}"
E50685,C1170,search,2024-09-12,"{""ticket"":""T123""}"
E50686,C1078,support_ticket,2024-07-16,"{""q"":""policy""}"
E50687,C1192,login,2024-09-11,"{""ticket"":""T123""}"
E50688,C1025,search,2024-07-22,"{""ticket"":""T123""}"
E50689,C1093,search,2024-10-25,"{""q"":""visa""}"
E50690,C1180,login,2024-09-26,{}
E50691,C1009,search,2024-08-14,"{""q"":""policy""}"
E50692,C1053,logout,2024-08-21,"{""q"":""visa""}"
E50693,C1016,logout,2024-07-08,"{""q"":""policy""}"
E50694,C1064,login,2024-07-07,"{""q"":""policy""}"
E50695,C1078,search,2024-09-03,"{""q"":""policy""}"
E50696,C1123,search,2024-07-03,{}
E50697,C1051,search,2024-09-15,{}
E50698,C1031,search,2024-08-15,"{""ticket"":""T123""}"
E50699,C1033,login,2024-07-17,{}
E50700,C1187,support_ticket,2024-09-03,"{""ticket"":""T123""}"
E50701,C1190,logout,2024-09-05,"{""q"":""policy""}"
E50702,C1044,purchase,2024-09-28,"{""ticket"":""T123""}"
E50703,C1039,purchase,2024-07-24,"{""q"":""policy""}"
E50704,C1010,search,2024-09-04,"{""ticket"":""T123""}"
E50705,C1191,search,2024-10-10,"{""q"":""visa""}"
E50706,C1141,login,2024-08-02,"{""ticket"":""T123""}"
E50707,C1152,search,2024-10-09,{}
E50708,C1058,login,2024-09-25,"{""ticket"":""T123""}"
E50709,C1128,support_ticket,2024-08-21,"{""q"":""policy""}"
E50710,C1011,search,2024-10-14,"{""q"":""policy""}"
E50711,C1135,search,2024-10-25,{}
E50712,C1115,search,2024-07-29,"{""ticket"":""T123""}"
E50713,C1066,logout,2024-10-26,"{""q"":""visa""}"
E50714,C1142,login,2024-07-01,"{""ticket"":""T123""}"
E50715,C1129,login,2024-07-16,"{""q"":""visa""}"
E50716,C1087,login,2024-07-06,{}
E50717,C1037,purchase,2024-08-14,"{""q"":""policy""}"
E50718,C1004,logout,2024-10-21,"{""q"":""policy""}"
E50719,C1187,login,2024-09-11,{}
E50720,C1056,logout,2024-09-12,"{""ticket"":""T123""}"
E50721,C1060,search,2024-07-11,"{""ticket"":""T123""}"
E50722,C1136,purchase,2024-08-31,"{""q"":""visa""}"
E50723,C1051,login,2024-08-15,"{""q"":""visa""}"
E50724,C1075,search,2024-08-27,"{""q"":""visa""}"
E50725,C1142,purchase,2024-08-01,"{""q"":""visa""}"
E50726,C1119,search,2024-07-25,{}
E50727,C1131,login,2024-10-23,"{""q"":""visa""}"
E50728,C1000,support_ticket,2024-09-06,"{""ticket"":""T123""}"
E50729,C1090,logout,2024-08-19,"{""ticket"":""T123""}"
E50730,C1095,search,2024-07-09,"{""q"":""visa""}"
E50731,C1126,purchase,2024-09-30,"{""ticket"":""T123""}"
E50732,C1030,support_ticket,2024-08-26,"{""q"":""visa""}"
E50733,C1031,login,2024-08-16,"{""q"":""policy""}"
E50734,C1152,logout,2024-09-19,"{""q"":""policy""}"
E50735,C1134,search,2024-07-16,"{""q"":""visa""}"
E50736,C1162,support_ticket,2024-09-02,"{""ticket"":""T123""}"
E50737,C1054,login,2024-10-12,{}
E50738,C1199,search,2024-08-25,"{""q"":""policy""}"
E50739,C1054,search,2024-07-01,"{""q"":""visa""}"
E50740,C1130,search,2024-07-28,"{""ticket"":""T123""}"
E50741,C1032,logout,2024-07-07,"{""q"":""policy""}"
E50742,C1183,logout,2024-08-30,"{""q"":""visa""}"
E50743,C1066,login,2024-08-13,{}
E50744,C1160,search,2024-07-16,"{""q"":""policy""}"
E50745,C1066,search,2024-09-21,"{""ticket"":""T123""}"
E50746,C1158,search,2024-07-22,"{""q"":""visa""}"
E50747,C1090,search,2024-08-11,"{""ticket"":""T123""}"
E50748,C1012,logout,2024-10-27,{}
E50749,C1038,support_ticket,2024-07-08,"{""q"":""policy""}"
E50750,C1136,login,2024-07-30,"{""ticket"":""T123""}"
E50751,C1038,search,2024-08-08,"{""ticket"":""T123""}"
E50752,C1055,purchase,2024-08-31,"{""ticket"":""T123""}"
E50753,C1108,search,2024-07-30,"{""q"":""policy""}"
E50754,C1050,login,2024-10-25,"{""ticket"":""T123""}"
E50755,C1025,search,2024-07-01,"{""q"":""policy""}"
E50756,C1124,search,2024-10-22,"{""ticket"":""T123""}"
E50757,C1137,login,2024-09-03,"{""ticket"":""T123""}"
E50758,C1146,support_ticket,2024-07-05,"{""q"":""policy""}"
E50759,C1188,search,2024-07-14,"{""q"":""policy""}"
E50760,C1024,search,2024-07-13,"{""ticket"":""T123""}"
E50761,C1085,search,2024-08-04,"{""q"":""policy""}"
E50762,C1046,logout,2024-08-09,"{""q"":""policy""}"
E50763,C1180,login,2024-09-15,"{""q"":""visa""}"
E50764,C1107,login,2024-08-07,"{""ticket"":""T123""}"
E50765,C1019,search,2024-09-26,{}
E50766,C1138,search,2024-08-05,"{""ticket"":""T123""}"
E50767,C1008,search,2024-08-01,"{""q"":""policy""}"
E50768,C1054,support_ticket,2024-08-03,{}
E50769,C1144,login,2024-08-09,"{""q"":""policy""}"
E50770,C1101,login,2024-10-09,"{""q"":""policy""}"
E50771,C1152,search,2024-07-30,"{""q"":""visa""}"
E50772,C1114,support_ticket,2024-08-02,"{""q"":""visa""}"
E50773,C1168,logout,2024-10-23,{}
E50774,C1112,purchase,2024-09-17,"{""q"":""policy""}"
E50775,C1011,search,2024-07-23,{}
E50776,C1014,purchase,2024-10-13,"{""q"":""policy""}"
E50777,C1155,purchase,2024-07-22,"{""q"":""visa""}"
E50778,C1007,login,2024-07-20,"{""ticket"":""T123""}"
E50779,C1075,search,2024-08-23,{}
E50780,C1003,support_ticket,2024-09-21,"{""q"":""visa""}"
E50781,C1060,search,2024-07-23,"{""q"":""policy""}"
E50782,C1119,purchase,2024-09-29,"{""q"":""policy""}"
E50783,C1034,search,2024-07-19,"{""q"":""visa""}"
E50784,C1093,search,2024-10-02,{}
E50785,C1199,login,2024-07-12,"{""ticket"":""T123""}"
E50786,C1014,purchase,2024-08-25,"{""q"":""policy""}"
E50787,C1012,logout,2024-09-15,{}
E50788,C1054,login,2024-08-01,"{""ticket"":""T123""}"
E50789,C1165,search,2024-09-12,"{""ticket"":""T123""}"
E50790,C1081,login,2024-09-21,"{""q"":""visa""}"
E50791,C1127,login,2024-09-17,"{""q"":""visa""}"
E50792,C1006,logout,2024-08-17,{}
E50793,C1147,search,2024-10-01,"{""q"":""policy""}"
E50794,C1013,search,2024-09-26,"{""q"":""policy""}"
E50795,C1142,search,2024-08-09,"{""ticket"":""T123""}"
E50796,C1029,logout,2024-09-27,"{""q"":""policy""}"
E50797,C1171,search,2024-10-19,"{""q"":""visa""}"
E50798,C1059,purchase,2024-10-07,"{""q"":""policy""}"
E50799,C1036,search,2024-09-26,"{""q"":""visa""}"
E50800,C1067,login,2024-09-30,{}
E50801,C1000,purchase,2024-10-05,"{""q"":""visa""}"
E50802,C1033,login,2024-08-04,{}
E50803,C1119,purchase,2024-09-25,"{""q"":""visa""}"
E50804,C1060,search,2024-07-24,{}
E50805,C1070,purchase,2024-08-13,"{""ticket"":""T123""}"
E50806,C1161,support_ticket,2024-10-21,"{""ticket"":""T123""}"
E50807,C1024,purchase,2024-08-03,"{""q"":""visa""}"
E50808,C1079,login,2024-10-10,"{""ticket"":""T123""}"
E50809,C1037,purchase,2024-08-20,"{""ticket"":""T123""}"
E50810,C1096,logout,2024-07-26,{}
E50811,C1066,login,2024-07-12,"{""q"":""visa""}"
E50812,C1009,search,2024-09-04,"{""q"":""policy""}"
E50813,C1014,support_ticket,2024-08-24,"{""ticket"":""T123""}"
E50814,C1170,login,2024-08-31,"{""ticket"":""T123""}"
E50815,C1011,purchase,2024-07-06,"{""ticket"":""T123""}"
E50816,C1156,support_ticket,2024-08-02,"{""q"":""policy""}"
E50817,C1183,login,2024-07-01,{}
E50818,C1093,search,2024-08-06,{}
E50819,C1062,search,2024-10-20,{}
E50820,C1155,search,2024-07-19,"{""ticket"":""T123""}"
E50821,C1196,logout,2024-09-21,"{""q"":""visa""}"
E50822,C1024,login,2024-07-01,"{""q"":""policy""}"
E50823,C1192,search,2024-09-06,"{""q"":""policy""}"
E50824,C1188,support_ticket,2024-10-19,{}
E50825,C1028,login,2024-08-10,"{""q"":""visa""}"
E50826,C1010,support_ticket,2024-07-24,"{""q"":""policy""}"
E50827,C1142,login,2024-09-07,"{""ticket"":""T123""}"
E50828,C1015,search,2024-08-03,{}
E50829,C1120,login,2024-10-15,"{""ticket"":""T123""}"
E50830,C1012,purchase,2024-10-10,{}
E50831,C1138,support_ticket,2024-09-17,"{""q"":""policy""}"
E50832,C1046,support_ticket,2024-09-15,"{""q"":""policy""}"
E50833,C1019,logout,2024-09-11,"{""q"":""visa""}"
E50834,C1013,purchase,2024-09-27,"{""q"":""visa""}"
E50835,C1037,support_ticket,2024-08-25,{}
E50836,C1108,search,2024-10-25,"{""q"":""policy""}"
E50837,C1015,logout,2024-08-11,"{""q"":""visa""}"
E50838,C1160,purchase,2024-07-02,"{""q"":""policy""}"
E50839,C1120,logout,2024-09-22,{}
E50840,C1059,login,2024-09-18,{}
E50841,C1197,search,2024-10-26,"{""q"":""visa""}"
E50842,C1131,purchase,2024-08-17,"{""q"":""policy""}"
E50843,C1134,login,2024-08-20,"{""q"":""visa""}"
E50844,C1034,login,2024-09-06,{}
E50845,C1142,logout,2024-08-17,"{""q"":""visa""}"
E50846,C1111,search,,{}
E50847,C1196,login,2024-08-21,"{""q"":""visa""}"
E50848,C1095,search,2024-10-03,"{""ticket"":""T123""}"
E50849,C1135,search,2024-08-21,"{""q"":""policy""}"
E50850,C1068,purchase,2024-07-28,{}
E50851,C1008,logout,2024-10-27,{}
E50852,C1025,logout,2024-09-02,"{""q"":""policy""}"
E50853,C1173,purchase,2024-09-23,{}
E50854,C1147,purchase,2024-09-09,"{""ticket"":""T123""}"
E50855,C1072,search,2024-08-13,"{""ticket"":""T123""}"
E50856,C1139,logout,2024-10-25,"{""ticket"":""T123""}"
E50857,C1000,login,2024-08-14,"{""ticket"":""T123""}"
E50858,C1007,login,2024-10-28,"{""q"":""visa""}"
E50859,C1101,logout,2024-08-21,"{""q"":""policy""}"
E50860,C1124,logout,2024-07-03,"{""q"":""policy""}"
E50861,C1187,search,2024-07-05,"{""q"":""policy""}"
E50862,C1151,purchase,2024-10-25,"{""ticket"":""T123""}"
E50863,C1051,search,2024-09-02,"{""q"":""policy""}"
E50864,C1163,search,2024-08-16,"{""q"":""policy""}"
E50865,C1098,search,2024-10-06,"{""q"":""visa""}"
E50866,C1165,login,2024-09-13,"{""q"":""policy""}"
E50867,C1034,search,2024-09-18,"{""q"":""policy""}"
E50868,C1005,search,2024-09-21,{}
E50869,C1011,search,2024-07-24,{}
E50870,C1198,login,2024-07-11,{}
E50871,C1016,logout,2024-09-26,"{""q"":""policy""}"
E50872,C1187,purchase,2024-07-03,"{""ticket"":""T123""}"
E50873,C1145,logout,2024-09-25,"{""q"":""policy""}"
E50874,C1029,login,2024-07-16,"{""q"":""visa""}"
E50875,C1172,purchase,2024-08-01,"{""q"":""policy""}"
E50876,C1028,support_ticket,2024-09-23,"{""q"":""policy""}"
E50877,C1028,search,2024-09-13,{}
E50878,C1115,login,2024-10-02,"{""q"":""visa""}"
E50879,C1057,search,2024-09-12,"{""q"":""visa""}"
E50880,C1058,search,2024-07-06,"{""q"":""policy""}"
E50881,C1039,search,2024-10-09,"{""q"":""visa""}"
E50882,C1121,search,2024-07-26,"{""q"":""policy""}"
E50883,C1005,search,,"{""q"":""policy""}"
E50884,C1049,purchase,2024-10-14,"{""q"":""visa""}"
E50885,C1110,login,2024-07-24,"{""q"":""visa""}"
E50886,C1097,search,2024-09-03,{}
E50887,C1139,purchase,2024-08-28,"{""q"":""policy""}"
E50888,C1043,login,2024-10-01,"{""q"":""policy""}"
E50889,C1129,login,2024-07-06,"{""ticket"":""T123""}"
E50890,C1151,login,2024-07-13,"{""q"":""policy""}"
E50891,C1077,login,2024-08-19,"{""ticket"":""T123""}"
E50892,C1051,search,2024-08-26,"{""q"":""visa""}"
E50893,C1111,login,2024-10-03,{}
E50894,C1115,search,2024-09-11,"{""q"":""policy""}"
E50895,C1018,logout,2024-07-18,"{""ticket"":""T123""}"
E50896,C1113,logout,2024-10-26,"{""q"":""policy""}"
E50897,C1030,login,2024-08-25,"{""q"":""visa""}"
E50898,C1113,search,2024-10-24,"{""ticket"":""T123""}"
E50899,C1186,search,2024-10-27,"{""q"":""visa""}"
E50900,C1107,support_ticket,2024-07-07,{}
E50901,C1152,support_ticket,2024-08-30,"{""q"":""policy""}"
E50902,C1061,login,2024-08-20,"{""q"":""policy""}"
E50903,C1184,login,2024-08-29,"{""q"":""policy""}"
E50904,C1162,search,2024-08-07,"{""ticket"":""T123""}"
E50905,C1183,logout,2024-09-06,{}
E50906,C1148,logout,2024-08-29,"{""q"":""visa""}"
E50907,C1129,login,2024-07-23,"{""ticket"":""T123""}"
E50908,C1105,search,2024-08-04,"{""ticket"":""T123""}"
E50909,C1185,login,2024-07-18,"{""q"":""visa""}"
E50910,C1169,purchase,2024-10-10,"{""ticket"":""T123""}"
E50911,C1083,logout,2024-09-20,"{""q"":""policy""}"
E50912,C1017,search,2024-08-16,"{""q"":""visa""}"
E50913,C1000,login,2024-08-17,"{""q"":""visa""}"
E50914,C1046,search,2024-07-10,{}
E50915,C1012,search,2024-08-04,{}
E50916,C1042,support_ticket,2024-10-19,"{""ticket"":""T123""}"
E50917,C1021,search,2024-07-04,{}
E50918,C1196,logout,2024-07-18,"{""q"":""policy""}"
E50919,C1019,search,2024-10-10,"{""q"":""visa""}"
E50920,C1125,login,2024-09-01,"{""q"":""visa""}"
E50921,C1070,search,2024-07-04,"{""q"":""visa""}"
E50922,C1034,login,2024-08-28,"{""ticket"":""T123""}"
E50923,C1140,search,2024-09-28,"{""ticket"":""T123""}"
E50924,C1194,purchase,2024-08-11,"{""ticket"":""T123""}"
E50925,C1158,login,2024-08-15,"{""q"":""visa""}"
E50926,C1195,login,2024-09-14,"{""ticket"":""T123""}"
E50927,C1118,login,2024-09-10,"{""q"":""visa""}"
E50928,C1134,login,2024-10-17,"{""q"":""visa""}"
E50929,C1029,logout,2024-07-30,"{""ticket"":""T123""}"
E50930,C1170,logout,2024-08-03,"{""ticket"":""T123""}"
E50931,C1149,login,2024-07-19,{}
E50932,C1050,support_ticket,2024-09-18,"{""ticket"":""T123""}"
E50933,C1070,purchase,2024-09-03,"{""q"":""visa""}"
E50934,C1122,logout,2024-08-11,"{""ticket"":""T123""}"
E50935,C1002,search,2024-09-22,"{""q"":""visa""}"
E50936,C1163,search,2024-08-15,"{""ticket"":""T123""}"
E50937,C1056,search,2024-07-24,"{""q"":""policy""}"
E50938,C1014,logout,2024-09-03,{}
E50939,C1066,purchase,2024-08-22,{}
E50940,C1167,search,2024-08-18,"{""q"":""policy""}"
E50941,C1054,login,2024-08-23,{}
E50942,C1107,purchase,2024-10-18,"{""q"":""policy""}"
E50943,C1162,logout,2024-07-26,{}
E50944,C1006,search,2024-08-03,{}
E50945,C1151,purchase,2024-09-06,"{""q"":""visa""}"
E50946,C1057,search,2024-07-06,"{""ticket"":""T123""}"
E50947,C1139,search,2024-07-18,{}
E50948,C1037,search,2024-09-06,"{""q"":""visa""}"
E50949,C1027,support_ticket,2024-08-31,"{""q"":""visa""}"
E50950,C1157,logout,2024-09-17,"{""q"":""visa""}"
E50951,C1161,search,2024-07-14,{}
E50952,C1196,search,2024-10-11,"{""q"":""visa""}"
E50953,C1135,search,2024-08-28,{}
E50954,C1093,login,2024-07-19,{}
E50955,C1038,search,2024-08-07,"{""q"":""policy""}"
E50956,C1059,login,2024-07-28,"{""ticket"":""T123""}"
E50957,C1129,search,2024-08-24,{}
E50958,C1069,login,2024-08-26,"{""ticket"":""T123""}"
E50959,C1096,search,2024-08-22,"{""ticket"":""T123""}"
E50960,C1033,support_ticket,2024-08-25,"{""ticket"":""T123""}"
E50961,C1087,login,2024-10-17,"{""q"":""policy""}"
E50962,C1047,purchase,2024-10-24,{}
E50963,C1022,logout,2024-08-28,{}
E50964,C1026,search,2024-10-24,"{""ticket"":""T123""}"
E50965,C1103,login,2024-10-07,{}
E50966,C1073,search,2024-10-07,"{""q"":""visa""}"
E50967,C1019,search,2024-07-28,"{""q"":""policy""}"
E50968,C1102,search,2024-08-22,"{""ticket"":""T123""}"
E50969,C1032,login,2024-08-12,"{""q"":""visa""}"
E50970,C1003,search,2024-07-12,"{""q"":""visa""}"
E50971,C1026,search,2024-07-10,"{""ticket"":""T123""}"
E50972,C1089,search,2024-09-13,"{""ticket"":""T123""}"
E50973,C1190,purchase,2024-08-20,"{""q"":""policy""}"
E50974,C1048,login,2024-10-08,"{""q"":""visa""}"
E50975,C1056,search,2024-09-19,"{""q"":""visa""}"
E50976,C1048,support_ticket,2024-07-11,"{""ticket"":""T123""}"
E50977,C1071,search,2024-10-09,"{""q"":""policy""}"
E50978,C1143,purchase,2024-08-29,"{""q"":""policy""}"
E50979,C1064,search,2024-09-06,"{""ticket"":""T123""}"
E50980,C1131,search,2024-10-24,"{""ticket"":""T123""}"
E50981,C1179,logout,2024-09-15,"{""q"":""visa""}"
E50982,C1189,search,2024-07-03,{}
E50983,C1112,login,2024-07-22,"{""q"":""policy""}"
E50984,C1142,logout,2024-08-21,"{""q"":""policy""}"
E50985,C1183,purchase,2024-07-05,"{""q"":""visa""}"
E50986,C1157,purchase,2024-07-21,"{""q"":""visa""}"
E50987,C1059,login,2024-10-04,"{""ticket"":""T123""}"
E50988,C1026,login,2024-07-18,{}
E50989,C1022,purchase,2024-07-21,"{""q"":""policy""}"
E50990,C1176,login,2024-08-30,"{""q"":""visa""}"
E50991,C1111,login,2024-07-11,"{""ticket"":""T123""}"
E50992,C1059,support_ticket,2024-07-31,{}
E50993,C1069,search,2024-10-21,"{""ticket"":""T123""}"
E50994,C1056,login,2024-09-14,{}
E50995,C1160,login,2024-10-24,{}
E50996,C1122,search,2024-08-12,"{""ticket"":""T123""}"
E50997,C1175,purchase,2024-09-12,"{""ticket"":""T123""}"
E50998,C1060,logout,2024-07-29,"{""ticket"":""T123""}"
E50999,C1094,login,2024-08-15,"{""q"":""visa""}"
E51000,C1024,login,2024-07-21,"{""q"":""visa""}"
E51001,C1194,search,2024-10-08,"{""q"":""visa""}"
E51002,C1102,search,2024-07-23,"{""q"":""visa""}"
E51003,C1110,search,2024-07-25,"{""q"":""visa""}"
E51004,C1082,logout,2024-08-25,"{""q"":""policy""}"
E51005,C1054,search,2024-08-21,"{""ticket"":""T123""}"
E51006,C1189,search,2024-08-07,"{""q"":""policy""}"
E51007,C1097,logout,2024-08-12,"{""q"":""visa""}"
E51008,C1134,login,2024-08-05,"{""q"":""visa""}"
E51009,C1007,logout,2024-10-18,"{""q"":""visa""}"
E51010,C1055,search,2024-09-08,"{""q"":""visa""}"
E51011,C1160,search,2024-10-19,{}
E51012,C1017,logout,2024-10-27,"{""q"":""policy""}"
E51013,C1020,search,2024-09-17,"{""q"":""policy""}"
E51014,C1161,search,2024-10-08,"{""q"":""policy""}"
E51015,C1061,search,2024-07-14,"{""ticket"":""T123""}"
E51016,C1054,purchase,2024-10-22,"{""ticket"":""T123""}"
E51017,C1113,search,2024-08-27,"{""q"":""visa""}"
E51018,C1038,login,2024-09-24,"{""q"":""policy""}"
E51019,C1008,purchase,2024-07-30,{}
E51020,C1000,purchase,2024-07-12,"{""ticket"":""T123""}"
E51021,C1015,search,2024-10-15,"{""ticket"":""T123""}"
E51022,C1031,login,2024-08-23,"{""q"":""policy""}"
E51023,C1139,search,2024-07-17,"{""ticket"":""T123""}"
E51024,C1059,login,2024-09-18,"{""ticket"":""T123""}"
E51025,C1014,login,2024-07-07,"{""q"":""visa""}"
E51026,C1002,search,2024-08-24,{}
E51027,C1095,login,2024-09-23,{}
E51028,C1168,search,2024-09-25,"{""ticket"":""T123""}"
E51029,C1067,purchase,2024-08-24,"{""q"":""visa""}"
E51030,C1012,search,2024-08-14,{}
E51031,C1045,logout,2024-10-09,{}
E51032,C1099,logout,2024-07-23,"{""ticket"":""T123""}"
E51033,C1037,search,2024-07-09,"{""q"":""policy""}"
E51034,C1195,logout,2024-07-19,"{""q"":""policy""}"
E51035,C1152,logout,2024-10-05,"{""q"":""visa""}"
E51036,C1068,search,2024-08-26,"{""q"":""policy""}"
E51037,C1190,purchase,2024-07-05,"{""ticket"":""T123""}"
E51038,C1065,login,2024-07-21,"{""q"":""visa""}"
E51039,C1028,purchase,2024-07-04,"{""q"":""policy""}"
E51040,C1187,search,2024-10-06,"{""q"":""policy""}"
E51041,C1191,login,2024-08-25,"{""ticket"":""T123""}"
E51042,C1062,search,2024-07-09,"{""q"":""visa""}"
E51043,C1118,logout,2024-07-27,"{""ticket"":""T123""}"
E51044,C1034,search,2024-09-12,"{""q"":""policy""}"
E51045,C1128,login,2024-09-10,{}
E51046,C1138,login,2024-10-07,"{""ticket"":""T123""}"
E51047,C1141,search,2024-07-04,{}
E51048,C1113,support_ticket,2024-07-09,"{""ticket"":""T123""}"
E51049,C1140,support_ticket,2024-07-05,"{""q"":""visa""}"
E51050,C1111,search,2024-08-17,{}
E51051,C1163,login,2024-09-26,"{""ticket"":""T123""}"
E51052,C1035,login,2024-09-18,{}
E51053,C1096,search,2024-07-26,"{""q"":""policy""}"
E51054,C1083,support_ticket,2024-09-17,"{""q"":""policy""}"
E51055,C1106,purchase,2024-09-17,"{""q"":""visa""}"
E51056,C1028,search,2024-07-23,"{""q"":""visa""}"
E51057,C1064,search,2024-09-28,"{""q"":""visa""}"
E51058,C1190,search,2024-08-20,"{""q"":""policy""}"
E51059,C1021,search,,"{""q"":""visa""}"
E51060,C1127,search,2024-08-16,{}
E51061,C1132,purchase,2024-10-01,"{""q"":""visa""}"
E51062,C1094,search,2024-09-22,{}
E51063,C1006,logout,2024-08-02,{}
E51064,C1006,search,2024-09-29,"{""q"":""visa""}"
E51065,C1055,login,2024-08-16,{}
E51066,C1020,login,2024-08-25,"{""ticket"":""T123""}"
E51067,C1018,search,2024-07-11,{}
E51068,C1032,search,2024-10-28,{}
E51069,C1038,search,2024-10-09,"{""ticket"":""T123""}"
E51070,C1167,purchase,2024-07-24,{}
E51071,C1127,search,2024-09-06,"{""ticket"":""T123""}"
E51072,C1006,purchase,2024-10-02,"{""q"":""policy""}"
E51073,C1125,purchase,2024-08-30,"{""ticket"":""T123""}"
E51074,C1027,search,2024-07-26,"{""ticket"":""T123""}"
E51075,C1084,search,2024-10-25,{}
E51076,C1007,login,2024-08-02,"{""q"":""policy""}"
E51077,C1018,search,2024-08-10,"{""q"":""visa""}"
E51078,C1026,support_ticket,2024-08-14,"{""ticket"":""T123""}"
E51079,C1086,logout,2024-10-15,{}
E51080,C1092,search,2024-08-30,{}
E51081,C1070,search,2024-09-25,"{""q"":""policy""}"
E51082,C1124,purchase,2024-10-17,{}
E51083,C1144,purchase,2024-10-20,"{""q"":""policy""}"
E51084,C1145,search,2024-10-11,{}
E51085,C1115,support_ticket,2024-10-17,"{""ticket"":""T123""}"
E51086,C1109,login,2024-10-22,"{""ticket"":""T123""}"
E51087,C1098,login,2024-10-27,{}
E51088,C1047,login,2024-09-16,"{""q"":""visa""}"
E51089,C1097,login,2024-07-16,"{""q"":""visa""}"
E51090,C1002,logout,2024-07-14,"{""q"":""visa""}"
E51091,C1193,search,2024-10-04,"{""ticket"":""T123""}"
E51092,C1074,search,2024-08-07,"{""q"":""visa""}"
E51093,C1151,search,2024-10-05,"{""q"":""visa""}"
E51094,C1191,search,2024-10-21,{}
E51095,C1099,search,2024-09-16,{}
E51096,C1172,login,2024-09-30,"{""q"":""visa""}"
E51097,C1095,purchase,2024-08-03,"{""ticket"":""T123""}"
E51098,C1026,login,2024-08-22,"{""q"":""policy""}"
E51099,C1005,support_ticket,2024-10-24,"{""q"":""visa""}"
E51100,C1027,login,2024-10-07,{}
E51101,C1188,purchase,2024-07-25,"{""q"":""policy""}"
E51102,C1095,support_ticket,2024-10-21,"{""ticket"":""T123""}"
E51103,C1063,login,2024-08-29,"{""q"":""visa""}"
E51104,C1089,login,2024-10-10,{}
E51105,C1051,logout,2024-09-01,"{""ticket"":""T123""}"
E51106,C1174,search,2024-09-11,"{""ticket"":""T123""}"
E51107,C1199,purchase,2024-07-20,"{""q"":""policy""}"
E51108,C1016,login,2024-08-10,"{""q"":""policy""}"
E51109,C1143,search,2024-09-25,"{""q"":""visa""}"
E51110,C1067,search,2024-10-10,"{""ticket"":""T123""}"
E51111,C1009,logout,2024-07-11,"{""q"":""policy""}"
E51112,C1184,search,2024-07-10,{}
E51113,C1012,support_ticket,2024-09-22,{}
E51114,C1041,purchase,2024-08-23,"{""ticket"":""T123""}"
E51115,C1005,login,2024-10-10,"{""ticket"":""T123""}"
E51116,C1094,search,2024-07-09,"{""ticket"":""T123""}"
E51117,C1119,login,2024-08-11,{}
E51118,C1064,search,2024-07-05,{}
E51119,C1014,purchase,2024-09-24,"{""q"":""policy""}"
E51120,C1023,search,2024-10-11,{}
E51121,C1186,login,2024-07-19,"{""q"":""policy""}"
E51122,C1161,purchase,2024-08-08,"{""q"":""visa""}"
E51123,C1187,search,2024-10-10,"{""q"":""policy""}"
E51124,C1106,search,2024-07-05,{}
E51125,C1109,search,2024-10-23,"{""q"":""policy""}"
E51126,C1157,login,2024-10-15,"{""q"":""visa""}"
E51127,C1123,purchase,2024-07-19,"{""q"":""visa""}"
E51128,C1087,search,2024-07-17,"{""q"":""policy""}"
E51129,C1058,search,2024-09-22,"{""q"":""policy""}"
E51130,C1097,login,2024-07-02,"{""q"":""visa""}"
E51131,C1012,search,2024-08-30,{}
E51132,C1038,purchase,2024-07-08,"{""ticket"":""T123""}"
E51133,C1147,search,2024-09-02,"{""ticket"":""T123""}"
E51134,C1173,logout,2024-08-12,{}
E51135,C1020,support_ticket,2024-09-23,"{""ticket"":""T123""}"
E51136,C1019,login,2024-10-14,{}
E51137,C1017,purchase,2024-08-28,"{""q"":""policy""}"
E51138,C1158,search,2024-09-16,"{""q"":""visa""}"
E51139,C1062,logout,2024-09-11,"{""q"":""policy""}"
E51140,C1065,login,2024-10-27,{}
E51141,C1002,search,2024-07-28,{}
E51142,C1194,search,2024-07-29,"{""q"":""visa""}"
E51143,C1086,search,2024-08-15,{}
E51144,C1159,purchase,2024-09-27,"{""q"":""policy""}"
E51145,C1141,search,2024-10-12,"{""q"":""policy""}"
E51146,C1028,login,2024-08-03,"{""ticket"":""T123""}"
E51147,C1160,search,2024-07-14,"{""ticket"":""T123""}"
E51148,C1110,logout,2024-09-12,"{""ticket"":""T123""}"
E51149,C1120,support_ticket,2024-09-10,"{""q"":""visa""}"
E51150,C1040,search,2024-08-14,"{""q"":""visa""}"
E51151,C1169,search,2024-07-23,"{""q"":""policy""}"
E51152,C1186,login,2024-10-10,{}
E51153,C1081,logout,2024-10-10,"{""ticket"":""T123""}"
E51154,C1018,purchase,2024-09-28,"{""q"":""policy""}"
E51155,C1169,search,2024-09-08,"{""q"":""policy""}"
E51156,C1177,logout,2024-08-01,{}
E51157,C1101,login,2024-08-18,"{""q"":""policy""}"
E51158,C1115,purchase,2024-07-09,"{""q"":""visa""}"
E51159,C1044,login,2024-07-30,"{""q"":""policy""}"
E51160,C1013,login,2024-08-24,"{""q"":""visa""}"
E51161,C1188,search,2024-08-22,{}
E51162,C1096,search,2024-07-10,{}
E51163,C1054,logout,2024-10-23,"{""ticket"":""T123""}"
E51164,C1138,search,2024-08-02,"{""q"":""policy""}"
E51165,C1005,support_ticket,,"{""q"":""policy""}"
E51166,C1015,purchase,2024-08-25,"{""q"":""policy""}"
E51167,C1048,purchase,2024-08-26,"{""q"":""visa""}"
E51168,C1090,logout,2024-10-10,"{""q"":""visa""}"
E51169,C1073,search,2024-09-28,"{""q"":""policy""}"
E51170,C1037,search,2024-10-13,"{""ticket"":""T123""}"
E51171,C1070,login,2024-08-15,"{""ticket"":""T123""}"
E51172,C1066,search,2024-08-01,{}
E51173,C1104,logout,,"{""q"":""visa""}"
E51174,C1112,search,2024-09-06,"{""ticket"":""T123""}"
E51175,C1176,search,2024-08-10,"{""q"":""policy""}"
E51176,C1161,login,2024-08-25,{}
E51177,C1058,search,2024-07-19,{}
E51178,C1180,purchase,2024-09-09,"{""q"":""visa""}"
E51179,C1104,search,2024-09-24,"{""ticket"":""T123""}"
E51180,C1037,support_ticket,2024-09-02,{}
E51181,C1068,purchase,2024-10-13,"{""q"":""visa""}"
E51182,C1148,support_ticket,2024-10-28,"{""q"":""policy""}"
E51183,C1164,search,2024-10-17,"{""q"":""policy""}"
E51184,C1074,purchase,2024-07-12,"{""q"":""visa""}"
E51185,C1031,login,2024-10-14,"{""ticket"":""T123""}"
E51186,C1038,search,2024-08-10,{}
E51187,C1020,purchase,2024-08-24,{}
E51188,C1139,purchase,2024-08-19,"{""q"":""policy""}"
E51189,C1100,login,2024-08-04,"{""q"":""policy""}"
E51190,C1090,logout,2024-10-14,"{""q"":""visa""}"
E51191,C1134,login,2024-09-15,"{""q"":""visa""}"
E51192,C1165,search,2024-10-25,{}
E51193,C1159,logout,2024-10-23,"{""q"":""policy""}"
E51194,C1027,search,2024-08-20,"{""q"":""visa""}"
E51195,C1117,support_ticket,2024-09-26,"{""q"":""policy""}"
E51196,C1176,search,2024-08-30,"{""q"":""visa""}"
E51197,C1154,support_ticket,2024-08-29,"{""q"":""policy""}"
E51198,C1065,purchase,2024-09-27,"{""q"":""policy""}"
E51199,C1078,purchase,2024-09-21,{}
E51200,C1178,login,2024-10-18,{}
E51201,C1006,purchase,2024-10-01,{}
E51202,C1105,login,2024-09-13,"{""q"":""visa""}"
E51203,C1023,logout,2024-10-19,{}
E51204,C1178,login,2024-07-13,"{""q"":""visa""}"
E51205,C1007,login,2024-09-30,"{""ticket"":""T123""}"
E51206,C1004,logout,2024-08-17,"{""q"":""visa""}"
E51207,C1065,login,2024-08-21,"{""q"":""visa""}"
E51208,C1040,search,2024-10-02,{}
E51209,C1099,purchase,2024-08-02,"{""q"":""policy""}"
E51210,C1059,login,2024-10-15,"{""ticket"":""T123""}"
E51211,C1071,login,2024-08-29,"{""q"":""policy""}"
E51212,C1112,search,2024-08-11,"{""ticket"":""T123""}"
E51213,C1112,login,2024-08-09,"{""q"":""visa""}"
E51214,C1186,login,2024-08-20,"{""q"":""policy""}"
E51215,C1096,login,2024-10-22,{}
E51216,C1112,search,2024-07-13,{}
E51217,C1135,search,2024-08-30,"{""q"":""policy""}"
E51218,C1034,login,2024-10-09,"{""q"":""policy""}"
E51219,C1133,purchase,2024-08-26,"{""q"":""visa""}"
E51220,C1172,purchase,2024-09-06,"{""q"":""visa""}"
E51221,C1063,login,2024-08-11,"{""q"":""policy""}"
E51222,C1035,search,2024-07-17,"{""q"":""visa""}"
E51223,C1069,logout,2024-09-15,"{""ticket"":""T123""}"
E51224,C1055,search,2024-10-19,"{""q"":""visa""}"
E51225,C1117,search,2024-09-01,"{""ticket"":""T123""}"
E51226,C1172,search,2024-08-21,"{""q"":""policy""}"
E51227,C1119,login,2024-07-16,"{""ticket"":""T123""}"
E51228,C1025,support_ticket,2024-10-22,"{""q"":""policy""}"
E51229,C1062,logout,2024-10-13,{}
E51230,C1137,logout,2024-10-17,{}
E51231,C1066,login,2024-08-13,{}
E51232,C1117,search,2024-09-14,"{""ticket"":""T123""}"
E51233,C1138,login,2024-08-21,{}
E51234,C1065,search,2024-07-29,"{""ticket"":""T123""}"
E51235,C1129,search,2024-07-25,"{""ticket"":""T123""}"
E51236,C1079,purchase,2024-08-16,"{""q"":""policy""}"
E51237,C1027,login,2024-09-05,"{""ticket"":""T123""}"
E51238,C1074,logout,2024-07-15,"{""ticket"":""T123""}"
E51239,C1088,login,2024-09-23,"{""ticket"":""T123""}"
E51240,C1000,login,2024-08-24,"{""q"":""policy""}"
E51241,C1178,logout,2024-10-14,"{""q"":""policy""}"
E51242,C1105,purchase,2024-08-03,{}
E51243,C1007,search,2024-07-07,"{""ticket"":""T123""}"
E51244,C1173,search,2024-08-07,"{""ticket"":""T123""}"
E51245,C1171,login,2024-10-25,"{""q"":""visa""}"
E51246,C1002,login,2024-08-08,{}
E51247,C1032,search,2024-09-23,"{""ticket"":""T123""}"
E51248,C1072,search,2024-10-10,"{""q"":""policy""}"
E51249,C1101,purchase,2024-08-04,"{""q"":""visa""}"
E51250,C1145,login,2024-09-16,"{""q"":""visa""}"
E51251,C1084,purchase,2024-07-25,{}
E51252,C1122,support_ticket,2024-08-13,{}
E51253,C1002,login,2024-08-05,{}
E51254,C1131,login,2024-09-19,"{""ticket"":""T123""}"
E51255,C1183,search,2024-10-14,"{""ticket"":""T123""}"
E51256,C1105,support_ticket,2024-07-31,"{""q"":""policy""}"
E51257,C1090,purchase,2024-08-04,"{""q"":""policy""}"
E51258,C1059,purchase,2024-10-07,"{""q"":""policy""}"
E51259,C1190,search,2024-08-25,"{""q"":""policy""}"
E51260,C1006,login,2024-08-31,"{""q"":""visa""}"
E51261,C1057,search,2024-09-23,"{""q"":""policy""}"
E51262,C1027,login,2024-07-17,"{""q"":""visa""}"
E51263,C1173,purchase,2024-10-13,"{""q"":""policy""}"
E51264,C1096,login,2024-08-13,"{""q"":""visa""}"
E51265,C1184,search,2024-09-18,"{""ticket"":""T123""}"
E51266,C1133,search,2024-08-21,{}
E51267,C1111,search,2024-09-29,{}
E51268,C1103,purchase,2024-09-12,"{""q"":""visa""}"
E51269,C1040,search,2024-07-21,{}
E51270,C1112,logout,2024-07-23,{}
E51271,C1137,support_ticket,2024-10-14,"{""ticket"":""T123""}"
E51272,C1193,logout,2024-09-01,"{""q"":""policy""}"
E51273,C1109,purchase,2024-08-03,"{""q"":""visa""}"
E51274,C1187,purchase,2024-07-18,"{""ticket"":""T123""}"
E51275,C1188,purchase,2024-07-16,{}
E51276,C1104,search,2024-10-19,"{""q"":""policy""}"
E51277,C1087,search,2024-10-26,{}
E51278,C1028,search,2024-08-17,"{""q"":""policy""}"
E51279,C1053,login,2024-07-25,{}
E51280,C1175,login,2024-08-20,"{""ticket"":""T123""}"
E51281,C1027,logout,2024-07-17,"{""q"":""policy""}"
E51282,C1079,login,2024-09-04,{}
E51283,C1139,search,2024-09-14,{}
E51284,C1048,purchase,2024-10-27,{}
E51285,C1194,login,2024-08-08,{}
E51286,C1129,logout,2024-07-24,{}
E51287,C1005,login,2024-07-17,"{""q"":""visa""}"
E51288,C1049,logout,2024-08-15,"{""ticket"":""T123""}"
E51289,C1148,support_ticket,2024-09-11,"{""ticket"":""T123""}"
E51290,C1172,login,2024-07-08,"{""ticket"":""T123""}"
E51291,C1185,login,2024-09-30,"{""ticket"":""T123""}"
E51292,C1170,search,2024-08-25,"{""q"":""policy""}"
E51293,C1014,search,2024-10-04,"{""q"":""policy""}"
E51294,C1145,login,2024-08-25,"{""q"":""visa""}"
E51295,C1022,logout,2024-07-19,"{""q"":""policy""}"
E51296,C1015,login,2024-07-03,"{""q"":""visa""}"
E51297,C1138,support_ticket,2024-09-05,"{""ticket"":""T123""}"
E51298,C1095,login,2024-09-03,{}
E51299,C1129,logout,2024-10-06,"{""ticket"":""T123""}"
E51300,C1170,login,2024-10-14,"{""ticket"":""T123""}"
E51301,C1013,search,2024-07-20,"{""q"":""visa""}"
E51302,C1105,search,2024-08-07,"{""q"":""policy""}"
E51303,C1166,login,2024-07-25,"{""q"":""policy""}"
E51304,C1088,support_ticket,2024-07-13,{}
E51305,C1104,search,2024-07-01,"{""q"":""policy""}"
E51306,C1099,search,2024-07-10,"{""q"":""visa""}"
E51307,C1181,search,2024-09-01,"{""q"":""visa""}"
E51308,C1009,purchase,2024-07-19,{}
E51309,C1175,login,2024-07-24,"{""q"":""visa""}"
E51310,C1163,login,2024-07-15,"{""ticket"":""T123""}"
E51311,C1162,login,2024-09-25,{}
E51312,C1082,search,2024-09-15,{}
E51313,C1103,login,2024-10-24,"{""ticket"":""T123""}"
E51314,C1073,logout,2024-07-14,"{""q"":""visa""}"
E51315,C1050,search,2024-07-26,"{""q"":""visa""}"
E51316,C1175,purchase,2024-08-24,"{""ticket"":""T123""}"
E51317,C1101,search,2024-09-16,"{""q"":""visa""}"
E51318,C1144,search,2024-07-16,"{""q"":""visa""}"
E51319,C1020,search,2024-07-26,{}
E51320,C1157,search,2024-08-20,"{""ticket"":""T123""}"
E51321,C1131,search,2024-07-03,"{""ticket"":""T123""}"
E51322,C1199,search,2024-08-17,"{""q"":""policy""}"
E51323,C1026,search,2024-09-30,"{""q"":""visa""}"
E51324,C1108,logout,2024-09-02,"{""q"":""visa""}"
E51325,C1102,login,2024-08-22,{}
E51326,C1107,search,2024-08-28,{}
E51327,C1010,login,2024-10-22,"{""q"":""visa""}"
E51328,C1094,search,2024-09-01,"{""q"":""visa""}"
E51329,C1059,purchase,2024-09-03,"{""q"":""visa""}"
E51330,C1123,login,2024-10-20,"{""q"":""policy""}"
E51331,C1046,search,2024-07-19,"{""ticket"":""T123""}"
E51332,C1087,search,2024-07-12,"{""q"":""policy""}"
E51333,C1124,login,2024-08-23,{}
E51334,C1012,logout,2024-08-08,{}
E51335,C1157,search,2024-07-25,"{""ticket"":""T123""}"
E51336,C1143,support_ticket,2024-07-15,"{""q"":""visa""}"
E51337,C1011,search,2024-10-14,"{""q"":""policy""}"
E51338,C1012,logout,2024-09-12,{}
E51339,C1170,search,2024-09-21,{}
E51340,C1056,search,2024-07-15,{}
E51341,C1172,support_ticket,2024-08-10,{}
E51342,C1099,search,2024-09-13,"{""q"":""visa""}"
E51343,C1068,search,2024-09-02,{}
E51344,C1054,logout,2024-09-22,{}
E51345,C1131,search,2024-09-19,"{""q"":""policy""}"
E51346,C1021,purchase,2024-08-19,"{""q"":""visa""}"
E51347,C1080,purchase,2024-10-02,"{""q"":""policy""}"
E51348,C1069,support_ticket,2024-08-01,{}
E51349,C1030,logout,2024-07-10,"{""q"":""visa""}"
E51350,C1070,search,2024-10-18,"{""q"":""policy""}"
E51351,C1105,search,2024-07-03,{}
E51352,C1135,login,2024-08-04,"{""q"":""visa""}"
E51353,C1017,purchase,2024-07-14,"{""ticket"":""T123""}"
E51354,C1174,support_ticket,2024-07-28,"{""q"":""visa""}"
E51355,C1175,search,2024-08-17,{}
E51356,C1138,login,2024-07-16,"{""q"":""policy""}"
E51357,C1184,search,2024-08-26,"{""q"":""visa""}"
E51358,C1085,search,2024-10-20,"{""ticket"":""T123""}"
E51359,C1164,support_ticket,2024-07-17,"{""ticket"":""T123""}"
E51360,C1145,login,2024-10-20,"{""ticket"":""T123""}"
E51361,C1112,purchase,2024-08-19,"{""ticket"":""T123""}"
E51362,C1035,support_ticket,2024-09-10,"{""q"":""visa""}"
E51363,C1111,logout,2024-08-22,"{""q"":""visa""}"
E51364,C1180,login,2024-08-07,"{""q"":""visa""}"
E51365,C1196,logout,2024-07-14,"{""q"":""visa""}"
E51366,C1089,purchase,2024-09-10,"{""q"":""visa""}"
E51367,C1049,support_ticket,2024-10-18,{}
E51368,C1149,login,2024-09-01,"{""ticket"":""T123""}"
E51369,C1015,search,2024-09-10,{}
E51370,C1030,purchase,2024-09-16,"{""q"":""policy""}"
E51371,C1112,search,2024-08-16,"{""q"":""policy""}"
E51372,C1198,search,2024-07-15,"{""ticket"":""T123""}"
E51373,C1065,search,2024-08-30,{}
E51374,C1088,search,2024-10-13,"{""q"":""policy""}"
E51375,C1064,login,2024-08-07,"{""q"":""policy""}"
E51376,C1088,search,2024-10-13,{}
E51377,C1001,login,2024-10-11,{}
E51378,C1118,logout,2024-07-30,"{""q"":""policy""}"
E51379,C1119,logout,2024-09-08,"{""ticket"":""T123""}"
E51380,C1063,search,2024-09-28,"{""q"":""policy""}"
E51381,C1052,login,2024-08-29,"{""ticket"":""T123""}"
E51382,C1152,login,2024-09-22,"{""q"":""visa""}"
E51383,C1037,search,2024-10-18,"{""ticket"":""T123""}"
E51384,C1009,logout,2024-09-14,"{""ticket"":""T123""}"
E51385,C1008,search,2024-10-09,"{""q"":""visa""}"
E51386,C1176,login,2024-10-05,"{""q"":""visa""}"
E51387,C1072,login,2024-10-06,{}
E51388,C1020,login,2024-10-11,"{""q"":""visa""}"
E51389,C1175,support_ticket,2024-07-28,{}
E51390,C1029,purchase,2024-07-03,"{""q"":""visa""}"
E51391,C1067,search,2024-07-19,"{""q"":""visa""}"
E51392,C1004,search,2024-07-30,"{""ticket"":""T123""}"
E51393,C1135,logout,2024-09-21,"{""q"":""visa""}"
E51394,C1139,search,2024-08-31,"{""q"":""policy""}"
E51395,C1151,support_ticket,2024-08-26,"{""q"":""policy""}"
E51396,C1052,logout,2024-07-02,"{""q"":""visa""}"
E51397,C1065,search,2024-09-21,"{""q"":""policy""}"
E51398,C1187,logout,2024-08-13,"{""q"":""policy""}"
E51399,C1164,search,2024-09-30,"{""q"":""policy""}"
E51400,C1007,purchase,2024-07-14,"{""q"":""visa""}"
E51401,C1138,login,2024-08-05,{}
E51402,C1162,search,2024-07-07,"{""q"":""visa""}"
E51403,C1111,login,2024-08-04,"{""q"":""policy""}"
E51404,C1127,login,2024-10-19,"{""q"":""policy""}"
E51405,C1000,login,2024-08-28,"{""q"":""policy""}"
E51406,C1006,search,2024-08-22,{}
E51407,C1007,search,2024-08-02,"{""q"":""visa""}"
E51408,C1031,search,2024-08-01,"{""q"":""visa""}"
E51409,C1198,search,2024-09-19,"{""ticket"":""T123""}"
E51410,C1126,logout,2024-10-27,"{""q"":""policy""}"
E51411,C1156,logout,2024-09-28,"{""q"":""visa""}"
E51412,C1059,login,2024-09-27,"{""q"":""visa""}"
E51413,C1187,search,2024-08-26,"{""q"":""visa""}"
E51414,C1039,purchase,2024-07-12,"{""q"":""visa""}"
E51415,C1180,purchase,2024-09-25,"{""ticket"":""T123""}"
E51416,C1006,search,2024-10-06,"{""ticket"":""T123""}"
E51417,C1004,purchase,2024-08-31,{}
E51418,C1015,login,2024-07-11,"{""q"":""policy""}"
E51419,C1158,search,2024-09-24,"{""q"":""visa""}"
E51420,C1051,purchase,2024-10-19,"{""q"":""visa""}"
E51421,C1090,purchase,2024-07-27,"{""q"":""policy""}"
E51422,C1094,support_ticket,2024-07-20,{}
E51423,C1157,login,2024-09-27,"{""q"":""visa""}"
E51424,C1069,login,2024-08-09,"{""q"":""visa""}"
E51425,C1001,login,2024-09-24,{}
E51426,C1077,login,2024-09-23,"{""q"":""visa""}"
E51427,C1057,login,2024-08-01,"{""ticket"":""T123""}"
E51428,C1146,search,2024-07-06,"{""q"":""visa""}"
E51429,C1150,search,2024-09-05,"{""ticket"":""T123""}"
E51430,C1018,purchase,2024-08-18,"{""q"":""policy""}"
E51431,C1158,search,2024-10-11,{}
E51432,C1014,login,2024-08-12,"{""q"":""visa""}"
E51433,C1123,purchase,2024-07-30,{}
E51434,C1077,login,2024-10-12,{}
E51435,C1060,logout,2024-09-27,{}
E51436,C1096,login,2024-09-13,"{""ticket"":""T123""}"
E51437,C1062,search,2024-10-23,"{""ticket"":""T123""}"
E51438,C1158,logout,2024-10-02,"{""q"":""policy""}"
E51439,C1193,search,2024-10-12,"{""q"":""visa""}"
E51440,C1163,purchase,2024-10-04,"{""q"":""policy""}"
E51441,C1087,purchase,2024-08-18,{}
E51442,C1100,login,2024-07-08,"{""ticket"":""T123""}"
E51443,C1089,purchase,2024-09-11,"{""ticket"":""T123""}"
E51444,C1158,logout,2024-09-30,"{""q"":""policy""}"
E51445,C1110,logout,2024-10-28,"{""q"":""policy""}"
E51446,C1093,search,2024-09-20,"{""ticket"":""T123""}"
E51447,C1081,search,2024-09-07,"{""q"":""policy""}"
E51448,C1075,support_ticket,2024-09-08,"{""q"":""policy""}"
E51449,C1110,search,2024-07-14,"{""q"":""policy""}"
E51450,C1137,search,2024-07-01,"{""q"":""policy""}"
E51451,C1086,login,2024-07-06,"{""q"":""visa""}"
E51452,C1161,login,2024-10-17,{}
E51453,C1165,search,2024-10-03,"{""q"":""policy""}"
E51454,C1085,login,2024-08-01,"{""q"":""policy""}"
E51455,C1181,login,2024-08-20,"{""q"":""policy""}"
E51456,C1034,login,2024-08-28,"{""q"":""policy""}"
E51457,C1186,logout,2024-07-30,"{""q"":""policy""}"
E51458,C1058,login,2024-08-20,"{""q"":""policy""}"
E51459,C1112,login,2024-08-11,"{""ticket"":""T123""}"
E51460,C1056,search,2024-09-22,"{""q"":""visa""}"
E51461,C1088,login,2024-09-29,"{""q"":""visa""}"
E51462,C1068,logout,2024-07-12,"{""q"":""policy""}"
E51463,C1141,logout,2024-08-25,"{""ticket"":""T123""}"
E51464,C1016,search,2024-10-27,{}
E51465,C1167,search,2024-10-13,"{""q"":""visa""}"
E51466,C1180,search,2024-10-04,{}
E51467,C1112,login,2024-09-27,"{""ticket"":""T123""}"
E51468,C1109,search,2024-07-01,"{""q"":""policy""}"
E51469,C1139,login,2024-10-25,"{""q"":""policy""}"
E51470,C1039,login,2024-09-27,{}
E51471,C1149,search,2024-10-15,"{""ticket"":""T123""}"
E51472,C1043,login,2024-10-18,"{""q"":""policy""}"
E51473,C1135,login,2024-07-31,"{""q"":""policy""}"
E51474,C1061,search,2024-07-02,"{""ticket"":""T123""}"
E51475,C1149,search,2024-09-18,{}
E51476,C1158,login,2024-08-25,"{""q"":""policy""}"
E51477,C1041,login,2024-07-03,{}
E51478,C1123,login,2024-08-02,{}
E51479,C1099,login,2024-10-27,{}
E51480,C1058,support_ticket,2024-08-13,{}
E51481,C1117,logout,2024-08-01,"{""ticket"":""T123""}"
E51482,C1198,search,2024-09-17,"{""q"":""policy""}"
E51483,C1000,search,2024-09-18,"{""ticket"":""T123""}"
E51484,C1191,purchase,2024-08-09,"{""q"":""policy""}"
E51485,C1171,purchase,2024-10-10,"{""ticket"":""T123""}"
E51486,C1105,login,2024-09-08,{}
E51487,C1122,login,2024-07-20,{}
E51488,C1073,search,2024-08-08,{}
E51489,C1025,search,2024-10-10,"{""ticket"":""T123""}"
E51490,C1114,login,2024-07-11,"{""q"":""visa""}"
E51491,C1163,search,2024-07-02,"{""q"":""visa""}"
E51492,C1046,search,2024-09-17,"{""ticket"":""T123""}"
E51493,C1143,search,2024-08-23,"{""q"":""policy""}"
E51494,C1149,search,2024-07-31,"{""q"":""visa""}"
E51495,C1151,purchase,2024-08-26,"{""q"":""visa""}"
E51496,C1068,search,2024-07-23,"{""q"":""visa""}"
E51497,C1078,login,2024-08-14,"{""q"":""visa""}"
E51498,C1083,login,2024-07-29,"{""q"":""policy""}"
E51499,C1170,support_ticket,2024-09-09,{}
E51500,C1180,search,2024-09-19,{}
E51501,C1082,login,2024-10-18,"{""q"":""visa""}"
E51502,C1193,search,2024-07-09,"{""q"":""visa""}"
E51503,C1114,support_ticket,2024-08-09,"{""q"":""visa""}"
E51504,C1077,support_ticket,2024-08-01,"{""q"":""visa""}"
E51505,C1000,logout,2024-09-08,{}
E51506,C1122,purchase,2024-09-02,"{""q"":""policy""}"
E51507,C1128,search,2024-10-14,"{""q"":""policy""}"
E51508,C1193,search,2024-10-19,"{""ticket"":""T123""}"
E51509,C1143,login,2024-10-01,"{""q"":""visa""}"
E51510,C1005,purchase,2024-07-24,"{""q"":""visa""}"
E51511,C1113,search,2024-07-05,"{""q"":""visa""}"
E51512,C1148,login,2024-10-16,"{""q"":""policy""}"
E51513,C1099,logout,2024-10-22,"{""ticket"":""T123""}"
E51514,C1085,search,2024-07-31,"{""q"":""visa""}"
E51515,C1161,login,2024-07-06,"{""ticket"":""T123""}"
E51516,C1122,search,2024-09-20,"{""q"":""visa""}"
E51517,C1136,logout,2024-09-09,"{""q"":""visa""}"
E51518,C1092,logout,2024-10-15,{}
E51519,C1055,search,2024-09-08,"{""q"":""visa""}"
E51520,C1103,logout,2024-09-30,{}
E51521,C1191,logout,2024-10-03,"{""q"":""visa""}"
E51522,C1120,support_ticket,2024-07-02,"{""q"":""visa""}"
E51523,C1141,logout,2024-07-18,"{""q"":""visa""}"
E51524,C1024,search,2024-10-02,"{""q"":""policy""}"
E51525,C1197,support_ticket,2024-07-22,{}
E51526,C1048,search,2024-07-25,"{""q"":""visa""}"
E51527,C1194,purchase,2024-09-29,"{""q"":""visa""}"
E51528,C1089,login,2024-07-25,"{""q"":""policy""}"
E51529,C1183,purchase,2024-07-18,"{""q"":""visa""}"
E51530,C1178,logout,2024-07-02,"{""ticket"":""T123""}"
E51531,C1151,search,2024-08-26,"{""q"":""visa""}"
E51532,C1183,logout,2024-09-15,{}
E51533,C1121,search,2024-09-26,"{""ticket"":""T123""}"
E51534,C1169,login,2024-10-17,"{""q"":""policy""}"
E51535,C1034,login,2024-09-17,"{""q"":""visa""}"
E51536,C1014,support_ticket,2024-09-29,"{""ticket"":""T123""}"
E51537,C1108,search,2024-07-26,"{""q"":""policy""}"
E51538,C1161,search,2024-08-10,"{""q"":""visa""}"
E51539,C1153,purchase,2024-08-06,{}
E51540,C1105,search,2024-07-08,"{""ticket"":""T123""}"
E51541,C1104,search,2024-10-25,{}
E51542,C1121,logout,2024-07-29,"{""q"":""visa""}"
E51543,C1173,purchase,2024-08-23,"{""q"":""policy""}"
E51544,C1168,support_ticket,2024-08-12,{}
E51545,C1021,search,2024-07-06,"{""q"":""policy""}"
E51546,C1119,logout,2024-10-17,"{""ticket"":""T123""}"
E51547,C1076,login,2024-07-27,{}
E51548,C1159,search,2024-07-13,"{""q"":""policy""}"
E51549,C1101,login,2024-08-11,{}
E51550,C1198,search,2024-07-18,{}
E51551,C1086,purchase,2024-10-28,{}
E51552,C1135,purchase,2024-07-23,"{""q"":""visa""}"
E51553,C1021,search,2024-08-06,"{""ticket"":""T123""}"
E51554,C1186,login,2024-08-02,"{""q"":""visa""}"
E51555,C1030,purchase,2024-07-04,"{""ticket"":""T123""}"
E51556,C1075,logout,2024-07-02,"{""q"":""visa""}"
E51557,C1167,search,2024-08-31,"{""q"":""policy""}"
E51558,C1193,login,2024-07-28,"{""ticket"":""T123""}"
E51559,C1096,search,2024-07-11,{}
E51560,C1096,search,2024-08-04,"{""q"":""visa""}"
E51561,C1009,search,2024-08-02,{}
E51562,C1195,search,2024-08-20,"{""ticket"":""T123""}"
E51563,C1003,purchase,2024-10-28,{}
E51564,C1005,search,2024-08-06,{}
E51565,C1094,search,2024-09-23,"{""q"":""policy""}"
E51566,C1000,login,2024-10-01,"{""q"":""visa""}"
E51567,C1032,logout,2024-07-07,{}
E51568,C1125,search,2024-08-30,"{""q"":""policy""}"
E51569,C1141,search,2024-08-23,"{""q"":""policy""}"
E51570,C1059,login,2024-08-30,"{""q"":""visa""}"
E51571,C1159,purchase,2024-07-21,"{""ticket"":""T123""}"
E51572,C1121,logout,2024-08-25,"{""q"":""visa""}"
E51573,C1045,login,2024-07-15,"{""q"":""visa""}"
E51574,C1142,login,2024-10-22,"{""q"":""policy""}"
E51575,C1118,login,2024-09-09,"{""ticket"":""T123""}"
E51576,C1162,purchase,2024-07-05,{}
E51577,C1030,logout,2024-08-30,{}
E51578,C1046,search,2024-10-20,{}
E51579,C1060,search,2024-09-28,"{""q"":""policy""}"
E51580,C1068,support_ticket,2024-08-02,"{""q"":""policy""}"
E51581,C1177,purchase,2024-10-16,"{""ticket"":""T123""}"
E51582,C1146,login,,"{""q"":""visa""}"
E51583,C1108,login,2024-07-30,"{""q"":""policy""}"
E51584,C1108,search,2024-07-19,{}
E51585,C1177,support_ticket,2024-10-19,"{""q"":""visa""}"
E51586,C1089,purchase,2024-09-25,"{""q"":""policy""}"
E51587,C1045,purchase,2024-09-01,"{""ticket"":""T123""}"
E51588,C1027,support_ticket,2024-09-19,"{""q"":""policy""}"
E51589,C1066,search,2024-08-01,"{""q"":""visa""}"
E51590,C1130,search,2024-07-09,"{""ticket"":""T123""}"
E51591,C1094,login,2024-10-10,"{""q"":""policy""}"
E51592,C1084,logout,2024-10-24,"{""q"":""policy""}"
E51593,C1096,search,2024-07-05,"{""q"":""visa""}"
E51594,C1194,search,2024-07-07,"{""q"":""policy""}"
E51595,C1199,login,2024-09-06,{}
E51596,C1032,purchase,2024-07-06,"{""q"":""policy""}"
E51597,C1022,purchase,2024-09-25,{}
E51598,C1048,purchase,2024-10-22,"{""q"":""visa""}"
E51599,C1170,login,2024-08-03,{}
E51600,C1091,logout,2024-08-05,"{""q"":""policy""}"
E51601,C1172,support_ticket,2024-10-12,"{""ticket"":""T123""}"
E51602,C1129,purchase,2024-08-12,"{""q"":""visa""}"
E51603,C1110,purchase,2024-07-29,"{""q"":""visa""}"
E51604,C1056,logout,2024-07-11,"{""q"":""visa""}"
E51605,C1068,logout,2024-10-09,"{""q"":""policy""}"
E51606,C1029,search,2024-10-20,"{""q"":""visa""}"
E51607,C1103,search,2024-07-10,{}
E51608,C1056,search,2024-10-05,"{""q"":""visa""}"
E51609,C1058,support_ticket,2024-07-20,"{""q"":""visa""}"
E51610,C1007,purchase,2024-07-17,"{""ticket"":""T123""}"
E51611,C1159,login,2024-08-15,"{""ticket"":""T123""}"
E51612,C1187,login,2024-08-22,{}
E51613,C1099,logout,2024-10-11,"{""q"":""policy""}"
E51614,C1107,logout,2024-09-22,"{""q"":""visa""}"
E51615,C1185,logout,2024-07-18,"{""q"":""policy""}"
E51616,C1102,search,2024-09-09,"{""q"":""visa""}"
E51617,C1124,support_ticket,2024-10-14,"{""ticket"":""T123""}"
E51618,C1085,support_ticket,2024-09-18,"{""q"":""policy""}"
E51619,C1102,search,2024-07-28,"{""ticket"":""T123""}"
E51620,C1104,login,2024-07-16,"{""ticket"":""T123""}"
E51621,C1142,logout,2024-08-24,"{""ticket"":""T123""}"
E51622,C1120,login,2024-08-26,{}
E51623,C1100,search,2024-08-12,"{""q"":""policy""}"
E51624,C1015,purchase,2024-07-14,{}
E51625,C1180,purchase,2024-07-15,{}
E51626,C1177,search,2024-09-02,{}
E51627,C1036,purchase,2024-10-22,"{""q"":""policy""}"
E51628,C1058,login,2024-09-10,{}
E51629,C1194,support_ticket,2024-08-22,"{""q"":""policy""}"
E51630,C1064,login,2024-10-20,"{""ticket"":""T123""}"
E51631,C1162,purchase,2024-09-21,"{""ticket"":""T123""}"
E51632,C1157,support_ticket,2024-09-25,"{""ticket"":""T123""}"
E51633,C1172,login,2024-09-08,{}
E51634,C1003,login,2024-09-30,"{""q"":""visa""}"
E51635,C1096,support_ticket,2024-08-30,"{""q"":""visa""}"
E51636,C1113,login,2024-09-13,{}
E51637,C1167,login,2024-09-12,"{""ticket"":""T123""}"
E51638,C1044,search,2024-09-29,"{""q"":""policy""}"
E51639,C1061,logout,2024-10-16,"{""ticket"":""T123""}"
E51640,C1035,search,2024-08-05,{}
E51641,C1152,search,2024-09-22,"{""q"":""visa""}"
E51642,C1199,logout,2024-07-04,{}
E51643,C1028,search,2024-09-02,"{""ticket"":""T123""}"
E51644,C1046,search,2024-10-16,"{""q"":""visa""}"
E51645,C1061,search,2024-09-16,{}
E51646,C1177,search,2024-08-02,{}
E51647,C1089,search,2024-09-11,"{""q"":""policy""}"
E51648,C1056,purchase,2024-08-12,{}
E51649,C1064,login,2024-08-21,{}
E51650,C1119,purchase,2024-07-28,"{""ticket"":""T123""}"
E51651,C1077,login,2024-09-13,"{""ticket"":""T123""}"
E51652,C1028,search,2024-07-24,"{""q"":""visa""}"
E51653,C1164,login,2024-08-23,"{""ticket"":""T123""}"
E51654,C1084,search,2024-10-21,"{""q"":""visa""}"
E51655,C1051,purchase,2024-09-29,{}
E51656,C1145,search,2024-08-19,"{""q"":""visa""}"
E51657,C1149,login,2024-10-25,{}
E51658,C1031,login,2024-07-02,"{""ticket"":""T123""}"
E51659,C1014,support_ticket,2024-10-24,"{""q"":""policy""}"
E51660,C1009,search,2024-08-12,{}
E51661,C1153,support_ticket,2024-10-07,"{""q"":""policy""}"
E51662,C1125,search,2024-10-22,"{""q"":""visa""}"
E51663,C1158,login,2024-09-11,"{""ticket"":""T123""}"
E51664,C1125,purchase,2024-09-12,"{""q"":""visa""}"
E51665,C1080,search,2024-09-28,{}
E51666,C1117,login,2024-07-29,"{""ticket"":""T123""}"
E51667,C1144,logout,2024-07-22,"{""ticket"":""T123""}"
E51668,C1079,login,2024-08-11,"{""q"":""policy""}"
E51669,C1183,search,2024-08-27,"{""q"":""visa""}"
E51670,C1179,search,2024-09-28,"{""ticket"":""T123""}"
E51671,C1160,search,2024-07-31,"{""q"":""policy""}"
E51672,C1198,support_ticket,2024-09-06,{}
E51673,C1078,login,2024-07-01,{}
E51674,C1022,logout,2024-07-04,"{""q"":""visa""}"
E51675,C1096,purchase,2024-10-25,"{""ticket"":""T123""}"
E51676,C1149,logout,2024-10-11,"{""q"":""visa""}"
E51677,C1155,support_ticket,2024-10-12,"{""q"":""visa""}"
E51678,C1077,logout,2024-08-09,"{""q"":""policy""}"
E51679,C1058,purchase,2024-08-31,"{""q"":""policy""}"
E51680,C1089,search,2024-09-19,{}
E51681,C1160,search,2024-07-31,"{""q"":""policy""}"
E51682,C1012,purchase,2024-09-28,"{""q"":""visa""}"
E51683,C1065,search,2024-09-22,"{""ticket"":""T123""}"
E51684,C1045,purchase,2024-08-18,"{""ticket"":""T123""}"
E51685,C1161,login,2024-08-22,"{""ticket"":""T123""}"
E51686,C1093,support_ticket,2024-08-06,{}
E51687,C1017,login,2024-10-05,"{""ticket"":""T123""}"
E51688,C1052,logout,2024-10-27,{}
E51689,C1008,login,2024-10-28,"{""q"":""visa""}"
E51690,C1095,login,2024-10-01,"{""ticket"":""T123""}"
E51691,C1199,support_ticket,,"{""ticket"":""T123""}"
E51692,C1113,support_ticket,2024-10-02,"{""q"":""visa""}"
E51693,C1173,purchase,2024-07-30,"{""q"":""policy""}"
E51694,C1148,logout,2024-10-16,"{""q"":""visa""}"
E51695,C1176,search,2024-08-02,"{""q"":""visa""}"
E51696,C1062,support_ticket,2024-08-18,"{""q"":""visa""}"
E51697,C1190,search,2024-07-12,"{""q"":""policy""}"
E51698,C1047,search,2024-07-10,"{""q"":""policy""}"
E51699,C1087,search,2024-08-17,"{""q"":""visa""}"
E51700,C1136,login,2024-09-05,{}
E51701,C1057,search,2024-07-03,"{""ticket"":""T123""}"
E51702,C1052,purchase,,{}
E51703,C1026,login,2024-07-14,"{""ticket"":""T123""}"
E51704,C1000,logout,2024-10-28,{}
E51705,C1100,search,2024-08-02,"{""q"":""visa""}"
E51706,C1197,login,2024-08-15,"{""q"":""policy""}"
E51707,C1044,purchase,2024-07-20,"{""q"":""visa""}"
E51708,C1088,login,2024-10-07,"{""q"":""policy""}"
E51709,C1187,login,2024-09-26,"{""ticket"":""T123""}"
E51710,C1154,purchase,2024-07-10,{}
E51711,C1000,login,2024-07-13,"{""ticket"":""T123""}"
E51712,C1100,login,2024-09-12,"{""q"":""visa""}"
E51713,C1028,purchase,2024-10-12,"{""ticket"":""T123""}"
E51714,C1049,login,2024-07-14,{}
E51715,C1049,support_ticket,2024-07-27,{}
E51716,C1122,support_ticket,2024-09-04,"{""q"":""policy""}"
E51717,C1039,login,2024-07-14,"{""q"":""policy""}"
E51718,C1050,search,2024-08-06,"{""ticket"":""T123""}"
E51719,C1045,login,2024-07-02,"{""ticket"":""T123""}"
E51720,C1071,purchase,2024-08-29,"{""q"":""policy""}"
E51721,C1131,login,2024-09-24,"{""ticket"":""T123""}"
E51722,C1079,logout,2024-08-19,{}
E51723,C1065,login,2024-07-31,"{""q"":""visa""}"
E51724,C1103,purchase,2024-08-20,{}
E51725,C1123,login,2024-08-31,"{""q"":""visa""}"
E51726,C1003,login,2024-07-20,"{""q"":""policy""}"
E51727,C1178,search,2024-07-14,"{""q"":""policy""}"
E51728,C1183,search,2024-07-22,"{""q"":""policy""}"
E51729,C1120,logout,2024-10-27,"{""q"":""policy""}"
E51730,C1114,login,2024-09-25,"{""ticket"":""T123""}"
E51731,C1138,login,2024-07-16,"{""ticket"":""T123""}"
E51732,C1088,search,2024-08-06,"{""q"":""policy""}"
E51733,C1073,search,2024-08-19,"{""q"":""policy""}"
E51734,C1070,logout,2024-07-22,"{""q"":""visa""}"
E51735,C1031,logout,2024-10-11,"{""q"":""visa""}"
E51736,C1168,logout,2024-10-21,{}
E51737,C1064,login,2024-07-30,"{""q"":""visa""}"
E51738,C1056,search,2024-07-02,"{""ticket"":""T123""}"
E51739,C1192,purchase,2024-08-02,"{""ticket"":""T123""}"
E51740,C1101,search,2024-09-08,"{""q"":""visa""}"
E51741,C1124,purchase,2024-10-06,"{""q"":""policy""}"
E51742,C1049,login,2024-08-10,"{""q"":""policy""}"
E51743,C1055,search,2024-08-02,"{""q"":""visa""}"
E51744,C1145,logout,2024-07-30,"{""q"":""policy""}"
E51745,C1090,search,2024-07-01,{}
E51746,C1029,logout,2024-07-02,"{""q"":""visa""}"
E51747,C1167,search,2024-08-21,{}
E51748,C1080,login,2024-09-13,"{""ticket"":""T123""}"
E51749,C1133,search,2024-07-02,"{""q"":""policy""}"
E51750,C1068,login,2024-07-25,"{""q"":""policy""}"
E51751,C1112,search,2024-10-18,{}
E51752,C1155,login,2024-10-27,{}
E51753,C1177,purchase,2024-09-16,"{""ticket"":""T123""}"
E51754,C1041,logout,2024-09-01,"{""q"":""visa""}"
E51755,C1134,search,2024-09-08,"{""ticket"":""T123""}"
E51756,C1182,login,2024-08-14,"{""ticket"":""T123""}"
E51757,C1128,search,2024-07-25,{}
E51758,C1028,support_ticket,2024-08-15,"{""q"":""policy""}"
E51759,C1037,search,2024-09-22,"{""ticket"":""T123""}"
E51760,C1040,login,2024-09-18,"{""q"":""policy""}"
E51761,C1021,search,2024-09-20,"{""q"":""visa""}"
E51762,C1150,search,2024-09-12,"{""q"":""visa""}"
E51763,C1193,search,2024-07-08,"{""q"":""visa""}"
E51764,C1103,login,2024-09-14,"{""ticket"":""T123""}"
E51765,C1119,logout,2024-10-14,"{""ticket"":""T123""}"
E51766,C1154,login,2024-09-16,"{""q"":""visa""}"
E51767,C1083,login,2024-09-08,"{""q"":""visa""}"
E51768,C1094,login,2024-07-27,"{""q"":""policy""}"
E51769,C1117,search,2024-10-04,{}
E51770,C1060,search,2024-08-24,"{""q"":""visa""}"
E51771,C1012,login,2024-08-01,{}
E51772,C1113,search,2024-08-28,"{""q"":""visa""}"
E51773,C1164,purchase,2024-07-15,"{""q"":""policy""}"
E51774,C1014,search,2024-10-20,"{""ticket"":""T123""}"
E51775,C1043,logout,2024-09-23,"{""ticket"":""T123""}"
E51776,C1052,search,2024-08-09,"{""q"":""visa""}"
E51777,C1160,login,2024-10-04,"{""q"":""visa""}"
E51778,C1100,logout,2024-07-07,"{""q"":""policy""}"
E51779,C1106,support_ticket,2024-08-16,"{""q"":""policy""}"
E51780,C1129,search,2024-09-17,{}
E51781,C1055,support_ticket,2024-07-03,{}
E51782,C1142,search,2024-09-24,"{""q"":""visa""}"
E51783,C1006,search,2024-10-07,"{""ticket"":""T123""}"
E51784,C1022,support_ticket,2024-09-10,{}
E51785,C1163,support_ticket,2024-07-25,"{""q"":""policy""}"
E51786,C1131,search,2024-09-28,"{""q"":""visa""}"
E51787,C1035,purchase,2024-08-10,"{""q"":""visa""}"
E51788,C1087,search,2024-09-27,"{""q"":""visa""}"
E51789,C1010,login,2024-09-14,"{""q"":""visa""}"
E51790,C1134,logout,2024-07-12,{}
E51791,C1151,search,2024-07-12,"{""q"":""policy""}"
E51792,C1055,search,2024-07-02,"{""q"":""policy""}"
E51793,C1070,search,2024-07-09,{}
E51794,C1047,search,2024-08-05,"{""q"":""policy""}"
E51795,C1077,search,2024-07-04,"{""q"":""policy""}"
E51796,C1054,logout,2024-10-21,"{""ticket"":""T123""}"
E51797,C1049,purchase,,"{""q"":""policy""}"
E51798,C1086,purchase,2024-07-21,"{""ticket"":""T123""}"
E51799,C1171,search,2024-08-07,"{""q"":""visa""}"
E51800,C1152,search,2024-09-28,"{""q"":""visa""}"
E51801,C1059,login,2024-09-18,"{""ticket"":""T123""}"
E51802,C1188,search,2024-09-08,"{""ticket"":""T123""}"
E51803,C1042,login,2024-10-27,{}
E51804,C1182,purchase,2024-09-14,"{""q"":""policy""}"
E51805,C1061,logout,2024-09-19,"{""q"":""visa""}"
E51806,C1108,search,2024-08-30,"{""ticket"":""T123""}"
E51807,C1040,search,2024-09-02,{}
E51808,C1152,purchase,2024-08-04,"{""q"":""policy""}"
E51809,C1063,login,2024-09-01,{}
E51810,C1174,logout,2024-10-19,{}
E51811,C1016,search,2024-08-15,"{""ticket"":""T123""}"
E51812,C1100,login,2024-07-16,{}
E51813,C1031,login,2024-09-10,"{""ticket"":""T123""}"
E51814,C1177,logout,2024-10-03,"{""ticket"":""T123""}"
E51815,C1083,login,,"{""ticket"":""T123""}"
E51816,C1134,purchase,2024-09-04,{}
E51817,C1175,login,2024-10-03,{}
E51818,C1107,login,2024-07-31,"{""q"":""policy""}"
E51819,C1011,logout,2024-08-20,"{""q"":""visa""}"
E51820,C1044,login,2024-08-20,"{""ticket"":""T123""}"
E51821,C1042,login,2024-08-09,"{""q"":""policy""}"
E51822,C1182,search,2024-09-24,{}
E51823,C1181,logout,2024-10-15,"{""ticket"":""T123""}"
E51824,C1095,search,2024-08-09,"{""ticket"":""T123""}"
E51825,C1178,login,2024-07-17,"{""q"":""visa""}"
E51826,C1049,logout,2024-10-08,"{""q"":""visa""}"
E51827,C1135,purchase,2024-10-10,"{""ticket"":""T123""}"
E51828,C1078,logout,2024-10-21,"{""q"":""policy""}"
E51829,C1048,support_ticket,2024-07-31,{}
E51830,C1050,purchase,2024-09-25,"{""q"":""visa""}"
E51831,C1083,search,2024-09-24,"{""q"":""policy""}"
E51832,C1067,search,2024-10-03,"{""ticket"":""T123""}"
E51833,C1042,purchase,2024-10-05,"{""ticket"":""T123""}"
E51834,C1066,purchase,2024-10-23,"{""q"":""policy""}"
E51835,C1025,logout,2024-08-27,"{""q"":""policy""}"
E51836,C1193,search,2024-07-10,"{""q"":""policy""}"
E51837,C1075,search,2024-07-24,"{""q"":""visa""}"
E51838,C1021,search,,"{""q"":""visa""}"
E51839,C1115,purchase,2024-10-10,"{""q"":""visa""}"
E51840,C1176,search,2024-07-02,"{""q"":""visa""}"
E51841,C1071,support_ticket,2024-08-14,"{""ticket"":""T123""}"
E51842,C1169,search,2024-07-30,"{""q"":""policy""}"
E51843,C1122,login,2024-08-08,{}
E51844,C1147,search,2024-09-15,"{""ticket"":""T123""}"
E51845,C1059,purchase,2024-08-31,"{""ticket"":""T123""}"
E51846,C1007,logout,2024-08-27,"{""q"":""visa""}"
E51847,C1069,search,2024-08-22,"{""q"":""policy""}"
E51848,C1184,search,2024-09-15,"{""q"":""policy""}"
E51849,C1158,search,2024-09-20,"{""q"":""policy""}"
E51850,C1156,search,2024-07-06,{}
E51851,C1175,login,2024-07-17,"{""q"":""visa""}"
E51852,C1074,logout,2024-08-10,"{""q"":""policy""}"
E51853,C1064,logout,2024-08-22,"{""q"":""policy""}"
E51854,C1185,search,2024-10-28,"{""q"":""visa""}"
E51855,C1114,search,2024-10-16,"{""ticket"":""T123""}"
E51856,C1059,login,2024-09-16,{}
E51857,C1055,search,2024-07-05,"{""ticket"":""T123""}"
E51858,C1175,search,2024-07-13,"{""q"":""visa""}"
E51859,C1010,purchase,2024-08-24,"{""ticket"":""T123""}"
E51860,C1012,login,2024-09-09,"{""q"":""policy""}"
E51861,C1147,purchase,2024-09-18,"{""ticket"":""T123""}"
E51862,C1000,search,2024-07-18,"{""q"":""visa""}"
E51863,C1034,purchase,2024-10-15,"{""q"":""visa""}"
E51864,C1198,purchase,2024-08-29,"{""q"":""visa""}"
E51865,C1085,login,2024-09-10,"{""q"":""policy""}"
E51866,C1145,search,2024-07-05,"{""q"":""visa""}"
E51867,C1097,support_ticket,2024-10-07,"{""ticket"":""T123""}"
E51868,C1018,purchase,2024-09-04,"{""ticket"":""T123""}"
E51869,C1036,login,2024-07-27,{}
E51870,C1152,search,2024-08-08,"{""q"":""visa""}"
E51871,C1018,search,2024-08-12,"{""ticket"":""T123""}"
E51872,C1118,purchase,2024-07-04,"{""q"":""visa""}"
E51873,C1069,purchase,2024-10-22,"{""q"":""policy""}"
E51874,C1074,login,2024-10-05,"{""q"":""policy""}"
E51875,C1190,purchase,2024-10-15,"{""q"":""visa""}"
E51876,C1121,purchase,2024-08-12,"{""q"":""visa""}"
E51877,C1123,support_ticket,2024-09-05,"{""q"":""policy""}"
E51878,C1070,login,2024-08-24,"{""q"":""policy""}"
E51879,C1076,search,2024-08-27,"{""q"":""policy""}"
E51880,C1137,search,2024-09-09,{}
E51881,C1007,login,2024-08-24,{}
E51882,C1047,search,2024-10-01,{}
E51883,C1120,login,2024-07-08,"{""q"":""policy""}"
E51884,C1124,login,2024-07-24,"{""q"":""visa""}"
E51885,C1018,purchase,2024-10-16,"{""q"":""policy""}"
E51886,C1157,search,2024-10-14,"{""ticket"":""T123""}"
E51887,C1108,purchase,2024-10-07,{}
E51888,C1047,login,2024-08-14,"{""q"":""policy""}"
E51889,C1150,search,2024-08-24,{}
E51890,C1198,search,2024-07-04,"{""q"":""policy""}"
E51891,C1084,support_ticket,2024-08-03,"{""q"":""visa""}"
E51892,C1056,support_ticket,2024-09-26,"{""q"":""policy""}"
E51893,C1059,search,2024-08-11,"{""q"":""policy""}"
E51894,C1118,purchase,2024-08-27,"{""q"":""visa""}"
E51895,C1009,login,2024-07-15,"{""ticket"":""T123""}"
E51896,C1096,search,2024-08-29,{}
E51897,C1004,login,2024-09-25,{}
E51898,C1007,search,2024-09-07,{}
E51899,C1086,login,2024-09-05,"{""q"":""visa""}"
E51900,C1149,logout,2024-10-18,"{""ticket"":""T123""}"
E51901,C1176,search,2024-07-29,{}
E51902,C1017,search,2024-08-05,{}
E51903,C1048,search,2024-09-13,"{""q"":""visa""}"
E51904,C1084,search,2024-08-27,"{""ticket"":""T123""}"
E51905,C1114,login,2024-10-26,"{""q"":""visa""}"
E51906,C1197,logout,2024-07-08,"{""ticket"":""T123""}"
E51907,C1136,support_ticket,2024-07-15,"{""q"":""visa""}"
E51908,C1107,login,2024-08-11,{}
E51909,C1012,purchase,2024-08-25,"{""q"":""policy""}"
E51910,C1016,search,2024-10-15,"{""ticket"":""T123""}"
E51911,C1030,login,2024-08-29,"{""q"":""visa""}"
E51912,C1132,search,2024-08-22,{}
E51913,C1066,login,2024-07-21,{}
E51914,C1048,login,2024-08-22,"{""q"":""visa""}"
E51915,C1134,purchase,2024-09-02,"{""q"":""policy""}"
E51916,C1163,search,2024-09-09,"{""q"":""visa""}"
E51917,C1087,logout,2024-09-11,"{""q"":""policy""}"
E51918,C1176,purchase,2024-08-21,"{""q"":""policy""}"
E51919,C1146,support_ticket,2024-07-19,"{""q"":""visa""}"
E51920,C1143,purchase,2024-07-19,{}
E51921,C1173,logout,2024-07-19,"{""q"":""policy""}"
E51922,C1036,search,2024-09-13,"{""q"":""policy""}"
E51923,C1151,search,2024-10-11,"{""ticket"":""T123""}"
E51924,C1191,search,2024-10-14,"{""q"":""visa""}"
E51925,C1198,logout,2024-08-07,"{""q"":""policy""}"
E51926,C1115,login,2024-07-10,"{""q"":""policy""}"
E51927,C1150,search,2024-09-14,{}
E51928,C1177,support_ticket,2024-07-05,{}
E51929,C1170,search,2024-09-14,"{""q"":""policy""}"
E51930,C1179,logout,2024-08-15,"{""ticket"":""T123""}"
E51931,C1166,search,2024-10-09,{}
E51932,C1076,login,2024-09-14,{}
E51933,C1146,search,2024-09-27,"{""q"":""visa""}"
E51934,C1082,search,2024-08-18,{}
E51935,C1160,login,2024-10-09,"{""ticket"":""T123""}"
E51936,C1162,login,2024-09-02,"{""ticket"":""T123""}"
E51937,C1186,login,2024-09-14,"{""ticket"":""T123""}"
E51938,C1117,support_ticket,2024-08-13,"{""q"":""policy""}"
E51939,C1095,logout,2024-08-23,"{""q"":""policy""}"
E51940,C1033,search,2024-10-09,"{""q"":""policy""}"
E51941,C1127,login,2024-08-17,{}
E51942,C1113,search,2024-07-03,"{""q"":""visa""}"
E51943,C1102,logout,2024-08-15,"{""ticket"":""T123""}"
E51944,C1135,purchase,2024-08-17,"{""q"":""policy""}"
E51945,C1170,search,2024-08-20,{}
E51946,C1029,login,2024-07-09,"{""q"":""visa""}"
E51947,C1086,logout,2024-07-16,"{""q"":""policy""}"
E51948,C1144,logout,2024-08-08,"{""ticket"":""T123""}"
E51949,C1163,login,2024-08-20,"{""ticket"":""T123""}"
E51950,C1155,support_ticket,2024-07-04,"{""ticket"":""T123""}"
E51951,C1159,login,2024-08-16,"{""q"":""policy""}"
E51952,C1171,login,2024-08-08,"{""ticket"":""T123""}"
E51953,C1192,support_ticket,2024-07-05,{}
E51954,C1121,search,2024-07-31,"{""q"":""policy""}"
E51955,C1049,search,2024-08-03,"{""q"":""policy""}"
E51956,C1112,logout,2024-07-18,"{""ticket"":""T123""}"
E51957,C1141,support_ticket,2024-09-29,"{""q"":""visa""}"
E51958,C1020,login,2024-07-09,"{""q"":""policy""}"
E51959,C1151,purchase,2024-09-08,{}
E51960,C1108,support_ticket,2024-09-18,"{""ticket"":""T123""}"
E51961,C1187,search,2024-10-05,"{""q"":""visa""}"
E51962,C1042,logout,2024-09-04,"{""ticket"":""T123""}"
E51963,C1181,purchase,2024-09-04,"{""q"":""policy""}"
E51964,C1089,login,2024-09-30,{}
E51965,C1114,login,2024-10-11,"{""q"":""policy""}"
E51966,C1132,support_ticket,2024-07-26,"{""q"":""visa""}"
E51967,C1115,logout,2024-10-04,{}
E51968,C1180,login,2024-08-25,{}
E51969,C1033,login,2024-07-12,"{""ticket"":""T123""}"
E51970,C1145,support_ticket,2024-09-12,"{""q"":""visa""}"
E51971,C1194,login,2024-10-26,"{""q"":""policy""}"
E51972,C1044,login,2024-07-17,"{""q"":""visa""}"
E51973,C1051,logout,2024-07-02,"{""q"":""visa""}"
E51974,C1095,support_ticket,2024-10-18,{}
E51975,C1144,logout,2024-09-10,"{""q"":""policy""}"
E51976,C1191,purchase,2024-07-27,"{""q"":""policy""}"
E51977,C1159,search,2024-10-04,{}
E51978,C1158,logout,2024-08-17,{}
E51979,C1088,search,2024-08-09,"{""q"":""policy""}"
E51980,C1129,search,2024-08-04,"{""q"":""visa""}"
E51981,C1042,logout,2024-09-10,"{""q"":""visa""}"
E51982,C1092,purchase,2024-07-17,"{""ticket"":""T123""}"
E51983,C1037,logout,2024-08-13,"{""q"":""policy""}"
E51984,C1005,login,2024-08-06,"{""q"":""visa""}"
E51985,C1171,logout,2024-07-08,"{""ticket"":""T123""}"
E51986,C1160,purchase,2024-09-30,"{""q"":""visa""}"
E51987,C1102,purchase,2024-07-02,"{""ticket"":""T123""}"
E51988,C1002,logout,2024-10-24,{}
E51989,C1018,search,2024-07-12,"{""ticket"":""T123""}"
E51990,C1022,purchase,2024-08-12,"{""q"":""visa""}"
E51991,C1143,purchase,2024-07-12,"{""q"":""visa""}"
E51992,C1040,support_ticket,2024-08-14,{}
E51993,C1050,logout,2024-09-12,"{""q"":""visa""}"
E51994,C1172,purchase,2024-07-11,"{""ticket"":""T123""}"
E51995,C1175,login,2024-09-02,"{""q"":""visa""}"
E51996,C1152,login,2024-10-01,{}
E51997,C1061,logout,2024-08-24,"{""q"":""policy""}"
E51998,C1115,logout,2024-07-14,"{""q"":""visa""}"
E51999,C1040,logout,2024-09-22,"{""ticket"":""T123""}"
